Unnamed: 0.6,Unnamed: 0.5,Unnamed: 0.4,Unnamed: 0.3,Unnamed: 0.2,Unnamed: 0.1,Unnamed: 0,g^4,gamma,D(p),error,p
0.0,0.0,0.0,0.0,0.0,0.0,0.0,0.0,1.0,1.0238948420452645,0.0222507997536172,0.0
1.0,1.0,1.0,1.0,1.0,1.0,1.0,0.0,1.0,1.0096573542816822,0.0162583436907492,0.196349540849362
2.0,2.0,2.0,2.0,2.0,2.0,2.0,0.0,1.0,0.8727841956897894,0.0145740528588035,0.3926990816987241
3.0,3.0,3.0,3.0,3.0,3.0,3.0,0.0,1.0,0.7640617899311597,0.0161367239672539,0.5890486225480862
4.0,4.0,4.0,4.0,4.0,4.0,4.0,0.0,1.0,0.6215497668923992,0.0122624915995508,0.7853981633974483
5.0,5.0,5.0,5.0,5.0,5.0,5.0,0.0,1.0,0.5226639512408723,0.0133949888099541,0.9817477042468103
6.0,6.0,6.0,6.0,6.0,6.0,6.0,0.0,1.0,0.4422763262930912,0.0111305142516428,1.1780972450961724
7.0,7.0,7.0,7.0,7.0,7.0,7.0,0.0,1.0,0.380337861261283,0.0113750947523549,1.3744467859455345
8.0,8.0,8.0,8.0,8.0,8.0,8.0,0.0,1.0,0.3520838957245748,0.0101810170947768,1.5707963267948966
9.0,9.0,9.0,9.0,9.0,9.0,9.0,0.0,1.0,0.2843294735586213,0.0082286003555705,1.7671458676442586
10.0,10.0,10.0,10.0,10.0,10.0,10.0,0.0,1.0,0.2720777919630752,0.0084204932116852,1.9634954084936207
11.0,11.0,11.0,11.0,11.0,11.0,11.0,0.0,1.0,0.2337078352752255,0.0074365403385557,2.1598449493429825
12.0,12.0,12.0,12.0,12.0,12.0,12.0,0.0,1.0,0.2398549155159148,0.008128441505537,2.356194490192345
13.0,13.0,13.0,13.0,13.0,13.0,13.0,0.0,1.0,0.2342804744851455,0.0085233775014821,2.552544031041707
14.0,14.0,14.0,14.0,14.0,14.0,14.0,0.0,1.0,0.1898240815278119,0.0073437307747435,2.748893571891069
15.0,15.0,15.0,15.0,15.0,15.0,15.0,0.0,1.0,0.2144759060664246,0.0077595626309041,2.945243112740431
16.0,16.0,16.0,16.0,16.0,16.0,16.0,0.0,1.0,0.1894922527003,0.01013467925446,3.141592653589793
17.0,17.0,17.0,17.0,17.0,17.0,17.0,0.0,1.0,0.2032103563851902,0.0081273332433784,3.3379421944391554
18.0,18.0,18.0,18.0,18.0,18.0,18.0,0.0,1.0,0.2068886452551839,0.0079534498306815,3.5342917352885173
19.0,19.0,19.0,19.0,19.0,19.0,19.0,0.0,1.0,0.2211755003641196,0.008178442267282,3.730641276137879
20.0,20.0,20.0,20.0,20.0,20.0,20.0,0.0,1.0,0.2179157040283386,0.0081392555659221,3.9269908169872414
21.0,21.0,21.0,21.0,21.0,21.0,21.0,0.0,1.0,0.2246650960264422,0.0088434684865364,4.123340357836604
22.0,22.0,22.0,22.0,22.0,22.0,22.0,0.0,1.0,0.2769357317081292,0.0091951332170256,4.319689898685965
23.0,23.0,23.0,23.0,23.0,23.0,23.0,0.0,1.0,0.2961036345044026,0.0093091588183256,4.516039439535327
24.0,24.0,24.0,24.0,24.0,24.0,24.0,0.0,1.0,0.3261906875088984,0.0095016516308738,4.71238898038469
25.0,25.0,25.0,25.0,25.0,25.0,25.0,0.0,1.0,0.3802920633148494,0.009642108939142,4.908738521234052
26.0,26.0,26.0,26.0,26.0,26.0,26.0,0.0,1.0,0.4755761332098043,0.0121410036545134,5.105088062083414
27.0,27.0,27.0,27.0,27.0,27.0,27.0,0.0,1.0,0.550471238024012,0.0120135756845416,5.301437602932776
28.0,28.0,28.0,28.0,28.0,28.0,28.0,0.0,1.0,0.6511317618176559,0.0136743276267884,5.497787143782138
29.0,29.0,29.0,29.0,29.0,29.0,29.0,0.0,1.0,0.7742122632038715,0.0144277057903456,5.6941366846315
30.0,30.0,30.0,30.0,30.0,30.0,30.0,0.0,1.0,0.857330953110627,0.0162007446942471,5.890486225480862
31.0,31.0,31.0,31.0,31.0,31.0,31.0,0.0,1.0,1.0001334033174805,0.017595578160871,6.086835766330224
32.0,32.0,32.0,32.0,32.0,32.0,32.0,0.5,1.0,0.9302441139963188,0.0244130684966018,0.0
33.0,33.0,33.0,33.0,33.0,33.0,33.0,0.5,1.0,0.8698470004540875,0.0178516943691049,0.196349540849362
34.0,34.0,34.0,34.0,34.0,34.0,34.0,0.5,1.0,0.8375605319477128,0.0151416906319479,0.3926990816987241
35.0,35.0,35.0,35.0,35.0,35.0,35.0,0.5,1.0,0.7542605105495482,0.0139810359556782,0.5890486225480862
36.0,36.0,36.0,36.0,36.0,36.0,36.0,0.5,1.0,0.593112202648742,0.0117327295741027,0.7853981633974483
37.0,37.0,37.0,37.0,37.0,37.0,37.0,0.5,1.0,0.5308915573573365,0.0106004205588326,0.9817477042468103
38.0,38.0,38.0,38.0,38.0,38.0,38.0,0.5,1.0,0.4346240461323383,0.010862066899547,1.1780972450961724
39.0,39.0,39.0,39.0,39.0,39.0,39.0,0.5,1.0,0.3665335172727069,0.0094243394543563,1.3744467859455345
40.0,40.0,40.0,40.0,40.0,40.0,40.0,0.5,1.0,0.3235897388139664,0.0103170752606733,1.5707963267948966
41.0,41.0,41.0,41.0,41.0,41.0,41.0,0.5,1.0,0.2780293760602566,0.009553022367118,1.7671458676442586
42.0,42.0,42.0,42.0,42.0,42.0,42.0,0.5,1.0,0.2383910078303071,0.0088660348538978,1.9634954084936207
43.0,43.0,43.0,43.0,43.0,43.0,43.0,0.5,1.0,0.2200082951448908,0.0073219413860984,2.1598449493429825
44.0,44.0,44.0,44.0,44.0,44.0,44.0,0.5,1.0,0.2205044068918858,0.0079794625423871,2.356194490192345
45.0,45.0,45.0,45.0,45.0,45.0,45.0,0.5,1.0,0.2045701742477552,0.0067991764962269,2.552544031041707
46.0,46.0,46.0,46.0,46.0,46.0,46.0,0.5,1.0,0.199938210689857,0.0079054838678935,2.748893571891069
47.0,47.0,47.0,47.0,47.0,47.0,47.0,0.5,1.0,0.2126817190621383,0.0073659923475354,2.945243112740431
48.0,48.0,48.0,48.0,48.0,48.0,48.0,0.5,1.0,0.2088542615159128,0.0107573601323029,3.141592653589793
49.0,49.0,49.0,49.0,49.0,49.0,49.0,0.5,1.0,0.1884632293624163,0.0078126655426486,3.3379421944391554
50.0,50.0,50.0,50.0,50.0,50.0,50.0,0.5,1.0,0.1946889872872158,0.0070947529042735,3.5342917352885173
51.0,51.0,51.0,51.0,51.0,51.0,51.0,0.5,1.0,0.2293547093661549,0.007439699032098,3.730641276137879
52.0,52.0,52.0,52.0,52.0,52.0,52.0,0.5,1.0,0.2024965906545456,0.0079411944377564,3.9269908169872414
53.0,53.0,53.0,53.0,53.0,53.0,53.0,0.5,1.0,0.2608391134136924,0.0074076128161329,4.123340357836604
54.0,54.0,54.0,54.0,54.0,54.0,54.0,0.5,1.0,0.2814555124834184,0.0091569726728069,4.319689898685965
55.0,55.0,55.0,55.0,55.0,55.0,55.0,0.5,1.0,0.2780532197080025,0.00915868910511,4.516039439535327
56.0,56.0,56.0,56.0,56.0,56.0,56.0,0.5,1.0,0.3348521212489568,0.0093147221377213,4.71238898038469
57.0,57.0,57.0,57.0,57.0,57.0,57.0,0.5,1.0,0.3751441133476219,0.0096538054531845,4.908738521234052
58.0,58.0,58.0,58.0,58.0,58.0,58.0,0.5,1.0,0.4561396067540569,0.0113566638416484,5.105088062083414
59.0,59.0,59.0,59.0,59.0,59.0,59.0,0.5,1.0,0.529648594104084,0.0116916210541597,5.301437602932776
60.0,60.0,60.0,60.0,60.0,60.0,60.0,0.5,1.0,0.594336508206466,0.013615497732219,5.497787143782138
61.0,61.0,61.0,61.0,61.0,61.0,61.0,0.5,1.0,0.6827240025615214,0.0173267640785907,5.6941366846315
62.0,62.0,62.0,62.0,62.0,62.0,62.0,0.5,1.0,0.8607483331809179,0.013943291878466,5.890486225480862
63.0,63.0,63.0,63.0,63.0,63.0,63.0,0.5,1.0,0.9187836997052434,0.0155970511604169,6.086835766330224
64.0,64.0,64.0,64.0,64.0,64.0,64.0,1.0,1.0,0.9229797157361244,0.0234914953144876,0.0
65.0,65.0,65.0,65.0,65.0,65.0,65.0,1.0,1.0,0.8721936587168189,0.0146003453671956,0.196349540849362
66.0,66.0,66.0,66.0,66.0,66.0,66.0,1.0,1.0,0.8613896245332326,0.0151679771687924,0.3926990816987241
67.0,67.0,67.0,67.0,67.0,67.0,67.0,1.0,1.0,0.6673425770961278,0.014409297300511,0.5890486225480862
68.0,68.0,68.0,68.0,68.0,68.0,68.0,1.0,1.0,0.5884514475637873,0.013460009841623,0.7853981633974483
69.0,69.0,69.0,69.0,69.0,69.0,69.0,1.0,1.0,0.5248791898569928,0.0123392801033863,0.9817477042468103
70.0,70.0,70.0,70.0,70.0,70.0,70.0,1.0,1.0,0.4312741828955594,0.0103190991721937,1.1780972450961724
71.0,71.0,71.0,71.0,71.0,71.0,71.0,1.0,1.0,0.3636606953460696,0.0090335557172318,1.3744467859455345
72.0,72.0,72.0,72.0,72.0,72.0,72.0,1.0,1.0,0.303805066487917,0.0100212095252844,1.5707963267948966
73.0,73.0,73.0,73.0,73.0,73.0,73.0,1.0,1.0,0.2808327546474862,0.008543262228506,1.7671458676442586
74.0,74.0,74.0,74.0,74.0,74.0,74.0,1.0,1.0,0.2579088093594606,0.0082811497182179,1.9634954084936207
75.0,75.0,75.0,75.0,75.0,75.0,75.0,1.0,1.0,0.2355964321356667,0.0078520579992897,2.1598449493429825
76.0,76.0,76.0,76.0,76.0,76.0,76.0,1.0,1.0,0.2178537302751234,0.0073103765205833,2.356194490192345
77.0,77.0,77.0,77.0,77.0,77.0,77.0,1.0,1.0,0.2065895877747671,0.0082075767989783,2.552544031041707
78.0,78.0,78.0,78.0,78.0,78.0,78.0,1.0,1.0,0.1900911837297179,0.0075241465283752,2.748893571891069
79.0,79.0,79.0,79.0,79.0,79.0,79.0,1.0,1.0,0.2126355315873648,0.0077129858890864,2.945243112740431
80.0,80.0,80.0,80.0,80.0,80.0,80.0,1.0,1.0,0.1971158350575335,0.0088572323016652,3.141592653589793
81.0,81.0,81.0,81.0,81.0,81.0,81.0,1.0,1.0,0.2042355459946927,0.0072896027919712,3.3379421944391554
82.0,82.0,82.0,82.0,82.0,82.0,82.0,1.0,1.0,0.1884641658718831,0.0077696329243872,3.5342917352885173
83.0,83.0,83.0,83.0,83.0,83.0,83.0,1.0,1.0,0.2033258178780419,0.0077966881418727,3.730641276137879
84.0,84.0,84.0,84.0,84.0,84.0,84.0,1.0,1.0,0.2238410545986361,0.0075842465413258,3.9269908169872414
85.0,85.0,85.0,85.0,85.0,85.0,85.0,1.0,1.0,0.2318170436107886,0.0070589067174097,4.123340357836604
86.0,86.0,86.0,86.0,86.0,86.0,86.0,1.0,1.0,0.2553758509504207,0.0087085815913727,4.319689898685965
87.0,87.0,87.0,87.0,87.0,87.0,87.0,1.0,1.0,0.2926504721749826,0.0090701259793079,4.516039439535327
88.0,88.0,88.0,88.0,88.0,88.0,88.0,1.0,1.0,0.3277006826487217,0.0106236866781215,4.71238898038469
89.0,89.0,89.0,89.0,89.0,89.0,89.0,1.0,1.0,0.3717788913551597,0.0092925427322068,4.908738521234052
90.0,90.0,90.0,90.0,90.0,90.0,90.0,1.0,1.0,0.4197770876479115,0.0110775330291862,5.105088062083414
91.0,91.0,91.0,91.0,91.0,91.0,91.0,1.0,1.0,0.5099227961932855,0.0108845934263738,5.301437602932776
92.0,92.0,92.0,92.0,92.0,92.0,92.0,1.0,1.0,0.6024146204430524,0.0117651721148492,5.497787143782138
93.0,93.0,93.0,93.0,93.0,93.0,93.0,1.0,1.0,0.7087263176520017,0.0143044802653894,5.6941366846315
94.0,94.0,94.0,94.0,94.0,94.0,94.0,1.0,1.0,0.7850401170746875,0.0143605677342041,5.890486225480862
95.0,95.0,95.0,95.0,95.0,95.0,95.0,1.0,1.0,0.8724431041529064,0.0167227465556945,6.086835766330224
96.0,96.0,96.0,96.0,96.0,96.0,96.0,2.0,1.0,0.8471047653390545,0.0201270937428834,0.0
97.0,97.0,97.0,97.0,97.0,97.0,97.0,2.0,1.0,0.789315766991478,0.0140720545606859,0.196349540849362
98.0,98.0,98.0,98.0,98.0,98.0,98.0,2.0,1.0,0.7674807782093706,0.0142381054754335,0.3926990816987241
99.0,99.0,99.0,99.0,99.0,99.0,99.0,2.0,1.0,0.695971291010092,0.0127499064728206,0.5890486225480862
100.0,100.0,100.0,100.0,100.0,100.0,100.0,2.0,1.0,0.5687236247623892,0.0121369760572891,0.7853981633974483
101.0,101.0,101.0,101.0,101.0,101.0,101.0,2.0,1.0,0.4872901298837849,0.0101196049198961,0.9817477042468103
102.0,102.0,102.0,102.0,102.0,102.0,102.0,2.0,1.0,0.4145420844292325,0.0103052370506729,1.1780972450961724
103.0,103.0,103.0,103.0,103.0,103.0,103.0,2.0,1.0,0.3534649734532273,0.0085098641151994,1.3744467859455345
104.0,104.0,104.0,104.0,104.0,104.0,104.0,2.0,1.0,0.2957600062938027,0.0085500071817208,1.5707963267948966
105.0,105.0,105.0,105.0,105.0,105.0,105.0,2.0,1.0,0.2875528291198694,0.0082944604741759,1.7671458676442586
106.0,106.0,106.0,106.0,106.0,106.0,106.0,2.0,1.0,0.2648372646307166,0.0078037454092687,1.9634954084936207
107.0,107.0,107.0,107.0,107.0,107.0,107.0,2.0,1.0,0.233616839684651,0.0078895459942112,2.1598449493429825
108.0,108.0,108.0,108.0,108.0,108.0,108.0,2.0,1.0,0.2164167811955467,0.0084895425584765,2.356194490192345
109.0,109.0,109.0,109.0,109.0,109.0,109.0,2.0,1.0,0.2000981451992745,0.0073712598543859,2.552544031041707
110.0,110.0,110.0,110.0,110.0,110.0,110.0,2.0,1.0,0.2077533763954715,0.0081861761019844,2.748893571891069
111.0,111.0,111.0,111.0,111.0,111.0,111.0,2.0,1.0,0.2001678711238272,0.0075478939855838,2.945243112740431
112.0,112.0,112.0,112.0,112.0,112.0,112.0,2.0,1.0,0.2140682794045479,0.0088458781724431,3.141592653589793
113.0,113.0,113.0,113.0,113.0,113.0,113.0,2.0,1.0,0.2041540274145202,0.0078691448776631,3.3379421944391554
114.0,114.0,114.0,114.0,114.0,114.0,114.0,2.0,1.0,0.1963726763143171,0.0073129757419891,3.5342917352885173
115.0,115.0,115.0,115.0,115.0,115.0,115.0,2.0,1.0,0.2046470278887128,0.0072172231613176,3.730641276137879
116.0,116.0,116.0,116.0,116.0,116.0,116.0,2.0,1.0,0.1980991271560997,0.0071562330357558,3.9269908169872414
117.0,117.0,117.0,117.0,117.0,117.0,117.0,2.0,1.0,0.2356694518011808,0.0088718909825683,4.123340357836604
118.0,118.0,118.0,118.0,118.0,118.0,118.0,2.0,1.0,0.255508504398948,0.0084938685278806,4.319689898685965
119.0,119.0,119.0,119.0,119.0,119.0,119.0,2.0,1.0,0.2876695114795202,0.009256199065883,4.516039439535327
120.0,120.0,120.0,120.0,120.0,120.0,120.0,2.0,1.0,0.345606948608059,0.0096500953412042,4.71238898038469
121.0,121.0,121.0,121.0,121.0,121.0,121.0,2.0,1.0,0.3481187913031248,0.0101415239542024,4.908738521234052
122.0,122.0,122.0,122.0,122.0,122.0,122.0,2.0,1.0,0.4097813911937625,0.0092423090538604,5.105088062083414
123.0,123.0,123.0,123.0,123.0,123.0,123.0,2.0,1.0,0.4700868790744067,0.0122781261077925,5.301437602932776
124.0,124.0,124.0,124.0,124.0,124.0,124.0,2.0,1.0,0.6161395749189268,0.0131410197607714,5.497787143782138
125.0,125.0,125.0,125.0,125.0,125.0,125.0,2.0,1.0,0.7154472870454724,0.0138149299615073,5.6941366846315
126.0,126.0,126.0,126.0,126.0,126.0,126.0,2.0,1.0,0.7422963983807912,0.0137973240809968,5.890486225480862
127.0,127.0,127.0,127.0,127.0,127.0,127.0,2.0,1.0,0.796986993001574,0.0138511108541168,6.086835766330224
128.0,128.0,128.0,128.0,128.0,128.0,128.0,5.0,1.0,0.763338983936545,0.0194047141054835,0.0
129.0,129.0,129.0,129.0,129.0,129.0,129.0,5.0,1.0,0.7245697761761148,0.0150186485179225,0.196349540849362
130.0,130.0,130.0,130.0,130.0,130.0,130.0,5.0,1.0,0.6587224869991987,0.0130911823478488,0.3926990816987241
131.0,131.0,131.0,131.0,131.0,131.0,131.0,5.0,1.0,0.5839432999557352,0.0135881258476421,0.5890486225480862
132.0,132.0,132.0,132.0,132.0,132.0,132.0,5.0,1.0,0.5012332809825404,0.010734571808244,0.7853981633974483
133.0,133.0,133.0,133.0,133.0,133.0,133.0,5.0,1.0,0.442689434344785,0.0110768961983005,0.9817477042468103
134.0,134.0,134.0,134.0,134.0,134.0,134.0,5.0,1.0,0.3774515784121503,0.0094227615630121,1.1780972450961724
135.0,135.0,135.0,135.0,135.0,135.0,135.0,5.0,1.0,0.3493264988442521,0.0094534123667127,1.3744467859455345
136.0,136.0,136.0,136.0,136.0,136.0,136.0,5.0,1.0,0.2827965255278823,0.0078333830456642,1.5707963267948966
137.0,137.0,137.0,137.0,137.0,137.0,137.0,5.0,1.0,0.2597092469362093,0.0074647409380835,1.7671458676442586
138.0,138.0,138.0,138.0,138.0,138.0,138.0,5.0,1.0,0.2318040018383537,0.008027706594422,1.9634954084936207
139.0,139.0,139.0,139.0,139.0,139.0,139.0,5.0,1.0,0.2138255230875486,0.0075463357270156,2.1598449493429825
140.0,140.0,140.0,140.0,140.0,140.0,140.0,5.0,1.0,0.2065426577709605,0.0069589782186906,2.356194490192345
141.0,141.0,141.0,141.0,141.0,141.0,141.0,5.0,1.0,0.2220831772065817,0.00767367808878,2.552544031041707
142.0,142.0,142.0,142.0,142.0,142.0,142.0,5.0,1.0,0.1830727664588246,0.0063221336574498,2.748893571891069
143.0,143.0,143.0,143.0,143.0,143.0,143.0,5.0,1.0,0.1735618277175533,0.0070094809809489,2.945243112740431
144.0,144.0,144.0,144.0,144.0,144.0,144.0,5.0,1.0,0.2079694504057779,0.0094374696563451,3.141592653589793
145.0,145.0,145.0,145.0,145.0,145.0,145.0,5.0,1.0,0.1800226700249276,0.006822272795648,3.3379421944391554
146.0,146.0,146.0,146.0,146.0,146.0,146.0,5.0,1.0,0.1838512543824965,0.0063268110678702,3.5342917352885173
147.0,147.0,147.0,147.0,147.0,147.0,147.0,5.0,1.0,0.1984075576700986,0.008433266042831,3.730641276137879
148.0,148.0,148.0,148.0,148.0,148.0,148.0,5.0,1.0,0.1843008533393246,0.006836511340309,3.9269908169872414
149.0,149.0,149.0,149.0,149.0,149.0,149.0,5.0,1.0,0.2204532114909,0.0083070500941691,4.123340357836604
150.0,150.0,150.0,150.0,150.0,150.0,150.0,5.0,1.0,0.2329403986685191,0.0065353203411326,4.319689898685965
151.0,151.0,151.0,151.0,151.0,151.0,151.0,5.0,1.0,0.2604663064819829,0.0073365285965587,4.516039439535327
152.0,152.0,152.0,152.0,152.0,152.0,152.0,5.0,1.0,0.2776574405477701,0.0091394677112758,4.71238898038469
153.0,153.0,153.0,153.0,153.0,153.0,153.0,5.0,1.0,0.3285871145786928,0.0075177590437115,4.908738521234052
154.0,154.0,154.0,154.0,154.0,154.0,154.0,5.0,1.0,0.3731308693212999,0.0102978823992734,5.105088062083414
155.0,155.0,155.0,155.0,155.0,155.0,155.0,5.0,1.0,0.4506045665410284,0.0109653231733383,5.301437602932776
156.0,156.0,156.0,156.0,156.0,156.0,156.0,5.0,1.0,0.5199478586331598,0.0121590339190981,5.497787143782138
157.0,157.0,157.0,157.0,157.0,157.0,157.0,5.0,1.0,0.5889754768818042,0.0128661991571096,5.6941366846315
158.0,158.0,158.0,158.0,158.0,158.0,158.0,5.0,1.0,0.6332159524410323,0.0129816852334315,5.890486225480862
159.0,159.0,159.0,159.0,159.0,159.0,159.0,5.0,1.0,0.6774744662894377,0.0150378822641817,6.086835766330224
160.0,160.0,160.0,160.0,160.0,160.0,160.0,10.0,1.0,0.5858472000791096,0.0161508276617335,0.0
161.0,161.0,161.0,161.0,161.0,161.0,161.0,10.0,1.0,0.5702598165742558,0.01144193669904,0.196349540849362
162.0,162.0,162.0,162.0,162.0,162.0,162.0,10.0,1.0,0.5304773647925412,0.0125190671159079,0.3926990816987241
163.0,163.0,163.0,163.0,163.0,163.0,163.0,10.0,1.0,0.4846027801630703,0.0109356661687476,0.5890486225480862
164.0,164.0,164.0,164.0,164.0,164.0,164.0,10.0,1.0,0.4518388750193826,0.0097773109808236,0.7853981633974483
165.0,165.0,165.0,165.0,165.0,165.0,165.0,10.0,1.0,0.3836568246718541,0.0100127241724224,0.9817477042468103
166.0,166.0,166.0,166.0,166.0,166.0,166.0,10.0,1.0,0.3680102749107637,0.0094534808943509,1.1780972450961724
167.0,167.0,167.0,167.0,167.0,167.0,167.0,10.0,1.0,0.2751802093086301,0.0086425107932982,1.3744467859455345
168.0,168.0,168.0,168.0,168.0,168.0,168.0,10.0,1.0,0.2719953143641733,0.0080411874421077,1.5707963267948966
169.0,169.0,169.0,169.0,169.0,169.0,169.0,10.0,1.0,0.217331359179059,0.0078055981082501,1.7671458676442586
170.0,170.0,170.0,170.0,170.0,170.0,170.0,10.0,1.0,0.2413072228514705,0.0072421132338254,1.9634954084936207
171.0,171.0,171.0,171.0,171.0,171.0,171.0,10.0,1.0,0.2146186198355717,0.0068701241986694,2.1598449493429825
172.0,172.0,172.0,172.0,172.0,172.0,172.0,10.0,1.0,0.1952043979395417,0.006596929057817,2.356194490192345
173.0,173.0,173.0,173.0,173.0,173.0,173.0,10.0,1.0,0.1683356273187077,0.0064433029569387,2.552544031041707
174.0,174.0,174.0,174.0,174.0,174.0,174.0,10.0,1.0,0.1749947833677563,0.0071980772777064,2.748893571891069
175.0,175.0,175.0,175.0,175.0,175.0,175.0,10.0,1.0,0.1769524212889066,0.0067089165309324,2.945243112740431
176.0,176.0,176.0,176.0,176.0,176.0,176.0,10.0,1.0,0.1444166613591404,0.0093707981892393,3.141592653589793
177.0,177.0,177.0,177.0,177.0,177.0,177.0,10.0,1.0,0.1474962821056071,0.0063405979384023,3.3379421944391554
178.0,178.0,178.0,178.0,178.0,178.0,178.0,10.0,1.0,0.1769778817290296,0.0063916089895927,3.5342917352885173
179.0,179.0,179.0,179.0,179.0,179.0,179.0,10.0,1.0,0.1639057220770261,0.0063973801154069,3.730641276137879
180.0,180.0,180.0,180.0,180.0,180.0,180.0,10.0,1.0,0.1930648047745175,0.0065341529759396,3.9269908169872414
181.0,181.0,181.0,181.0,181.0,181.0,181.0,10.0,1.0,0.1888227299444649,0.0067731552018922,4.123340357836604
182.0,182.0,182.0,182.0,182.0,182.0,182.0,10.0,1.0,0.2315742307949205,0.0068253556289351,4.319689898685965
183.0,183.0,183.0,183.0,183.0,183.0,183.0,10.0,1.0,0.2501510500226211,0.0076225099594502,4.516039439535327
184.0,184.0,184.0,184.0,184.0,184.0,184.0,10.0,1.0,0.2490472471513805,0.0077726604808064,4.71238898038469
185.0,185.0,185.0,185.0,185.0,185.0,185.0,10.0,1.0,0.3003748709828756,0.0077515925902204,4.908738521234052
186.0,186.0,186.0,186.0,186.0,186.0,186.0,10.0,1.0,0.3337861357573319,0.0081089988614152,5.105088062083414
187.0,187.0,187.0,187.0,187.0,187.0,187.0,10.0,1.0,0.3662132792131713,0.0099876469288023,5.301437602932776
188.0,188.0,188.0,188.0,188.0,188.0,188.0,10.0,1.0,0.427429933416196,0.0102785214990067,5.497787143782138
189.0,189.0,189.0,189.0,189.0,189.0,189.0,10.0,1.0,0.482734278943782,0.0119362925521562,5.6941366846315
190.0,190.0,190.0,190.0,190.0,190.0,190.0,10.0,1.0,0.5533582183248821,0.0108383504464237,5.890486225480862
191.0,191.0,191.0,191.0,191.0,191.0,191.0,10.0,1.0,0.6095402256230865,0.0119647657394999,6.086835766330224
192.0,192.0,192.0,192.0,192.0,192.0,192.0,20.0,1.0,0.4488864149928263,0.0147900753739969,0.0
193.0,193.0,193.0,193.0,193.0,193.0,193.0,20.0,1.0,0.4471474233238167,0.0081655084261792,0.196349540849362
194.0,194.0,194.0,194.0,194.0,194.0,194.0,20.0,1.0,0.4282510629821176,0.0104202477054052,0.3926990816987241
195.0,195.0,195.0,195.0,195.0,195.0,195.0,20.0,1.0,0.3849849455144439,0.0090970231541773,0.5890486225480862
196.0,196.0,196.0,196.0,196.0,196.0,196.0,20.0,1.0,0.364417177033586,0.007309850121033,0.7853981633974483
197.0,197.0,197.0,197.0,197.0,197.0,197.0,20.0,1.0,0.3110835069888647,0.0083066489795832,0.9817477042468103
198.0,198.0,198.0,198.0,198.0,198.0,198.0,20.0,1.0,0.3056203169206389,0.0092259233062953,1.1780972450961724
199.0,199.0,199.0,199.0,199.0,199.0,199.0,20.0,1.0,0.251819083756249,0.0081914492127811,1.3744467859455345
200.0,200.0,200.0,200.0,200.0,200.0,200.0,20.0,1.0,0.2489977260381317,0.0074827968853499,1.5707963267948966
201.0,201.0,201.0,201.0,201.0,201.0,201.0,20.0,1.0,0.2020882386195449,0.0069366541190368,1.7671458676442586
202.0,202.0,202.0,202.0,202.0,202.0,202.0,20.0,1.0,0.1983334127442408,0.005779906102806,1.9634954084936207
203.0,203.0,203.0,203.0,203.0,203.0,203.0,20.0,1.0,0.1912900665169982,0.0070469883705548,2.1598449493429825
204.0,204.0,204.0,204.0,204.0,204.0,204.0,20.0,1.0,0.1764107084255564,0.0064517484115042,2.356194490192345
205.0,205.0,205.0,205.0,205.0,205.0,205.0,20.0,1.0,0.1947561277577644,0.0057849288762884,2.552544031041707
206.0,206.0,206.0,206.0,206.0,206.0,206.0,20.0,1.0,0.1411150366913407,0.0059910837513847,2.748893571891069
207.0,207.0,207.0,207.0,207.0,207.0,207.0,20.0,1.0,0.1682620222881318,0.0058192520396856,2.945243112740431
208.0,208.0,208.0,208.0,208.0,208.0,208.0,20.0,1.0,0.1733618942261433,0.0079455445001011,3.141592653589793
209.0,209.0,209.0,209.0,209.0,209.0,209.0,20.0,1.0,0.167131157230942,0.0056320066853844,3.3379421944391554
210.0,210.0,210.0,210.0,210.0,210.0,210.0,20.0,1.0,0.1549294332727181,0.0058286335318891,3.5342917352885173
211.0,211.0,211.0,211.0,211.0,211.0,211.0,20.0,1.0,0.1508439830596089,0.0062261562048404,3.730641276137879
212.0,212.0,212.0,212.0,212.0,212.0,212.0,20.0,1.0,0.1769628510393638,0.006667865217263,3.9269908169872414
213.0,213.0,213.0,213.0,213.0,213.0,213.0,20.0,1.0,0.1924339456959626,0.0064358149616302,4.123340357836604
214.0,214.0,214.0,214.0,214.0,214.0,214.0,20.0,1.0,0.1885147452717394,0.0069461402429641,4.319689898685965
215.0,215.0,215.0,215.0,215.0,215.0,215.0,20.0,1.0,0.2145653777067658,0.0075308262873325,4.516039439535327
216.0,216.0,216.0,216.0,216.0,216.0,216.0,20.0,1.0,0.2334220173587315,0.0069369614215624,4.71238898038469
217.0,217.0,217.0,217.0,217.0,217.0,217.0,20.0,1.0,0.2653437870025562,0.0077715414341021,4.908738521234052
218.0,218.0,218.0,218.0,218.0,218.0,218.0,20.0,1.0,0.2889106494148305,0.0082064661424209,5.105088062083414
219.0,219.0,219.0,219.0,219.0,219.0,219.0,20.0,1.0,0.3362282023875971,0.0093829551127832,5.301437602932776
220.0,220.0,220.0,220.0,220.0,220.0,220.0,20.0,1.0,0.3657162956966468,0.0090605108730164,5.497787143782138
221.0,221.0,221.0,221.0,221.0,221.0,221.0,20.0,1.0,0.3911201156642817,0.0087942706244126,5.6941366846315
222.0,222.0,222.0,222.0,222.0,222.0,222.0,20.0,1.0,0.4291410549352726,0.0095715041492707,5.890486225480862
223.0,223.0,223.0,223.0,223.0,223.0,223.0,20.0,1.0,0.4346216790573028,0.0103577899079829,6.086835766330224
224.0,224.0,224.0,224.0,224.0,224.0,224.0,40.0,1.0,0.3376353283969989,0.0123072064241134,0.0
225.0,225.0,225.0,225.0,225.0,225.0,225.0,40.0,1.0,0.3178615115850741,0.0073608454457287,0.196349540849362
226.0,226.0,226.0,226.0,226.0,226.0,226.0,40.0,1.0,0.3225871500273859,0.0079868126639696,0.3926990816987241
227.0,227.0,227.0,227.0,227.0,227.0,227.0,40.0,1.0,0.2808170230814365,0.0069363270730106,0.5890486225480862
228.0,228.0,228.0,228.0,228.0,228.0,228.0,40.0,1.0,0.2805373088007651,0.0073741766892944,0.7853981633974483
229.0,229.0,229.0,229.0,229.0,229.0,229.0,40.0,1.0,0.2602888920940375,0.0072148130580981,0.9817477042468103
230.0,230.0,230.0,230.0,230.0,230.0,230.0,40.0,1.0,0.2548750151060863,0.006699758001472,1.1780972450961724
231.0,231.0,231.0,231.0,231.0,231.0,231.0,40.0,1.0,0.2161851795449865,0.0071504633101224,1.3744467859455345
232.0,232.0,232.0,232.0,232.0,232.0,232.0,40.0,1.0,0.2094645170980065,0.0057917699520817,1.5707963267948966
233.0,233.0,233.0,233.0,233.0,233.0,233.0,40.0,1.0,0.1683074558446834,0.006562777381202,1.7671458676442586
234.0,234.0,234.0,234.0,234.0,234.0,234.0,40.0,1.0,0.1675407011572217,0.0054888105778997,1.9634954084936207
235.0,235.0,235.0,235.0,235.0,235.0,235.0,40.0,1.0,0.145993930492643,0.0059498138967475,2.1598449493429825
236.0,236.0,236.0,236.0,236.0,236.0,236.0,40.0,1.0,0.1541497813515896,0.0045621299213105,2.356194490192345
237.0,237.0,237.0,237.0,237.0,237.0,237.0,40.0,1.0,0.1058822261135983,0.0049854321312987,2.552544031041707
238.0,238.0,238.0,238.0,238.0,238.0,238.0,40.0,1.0,0.1204035524482395,0.0049982844613883,2.748893571891069
239.0,239.0,239.0,239.0,239.0,239.0,239.0,40.0,1.0,0.1428666700500282,0.0052485853582679,2.945243112740431
240.0,240.0,240.0,240.0,240.0,240.0,240.0,40.0,1.0,0.1456811769557155,0.0071664545267829,3.141592653589793
241.0,241.0,241.0,241.0,241.0,241.0,241.0,40.0,1.0,0.1419784842250058,0.0054577508553596,3.3379421944391554
242.0,242.0,242.0,242.0,242.0,242.0,242.0,40.0,1.0,0.1404703575557446,0.0064786417930685,3.5342917352885173
243.0,243.0,243.0,243.0,243.0,243.0,243.0,40.0,1.0,0.1544594615867906,0.0054947261032925,3.730641276137879
244.0,244.0,244.0,244.0,244.0,244.0,244.0,40.0,1.0,0.1542446702161627,0.0045203212394795,3.9269908169872414
245.0,245.0,245.0,245.0,245.0,245.0,245.0,40.0,1.0,0.175158895735227,0.0057931674640258,4.123340357836604
246.0,246.0,246.0,246.0,246.0,246.0,246.0,40.0,1.0,0.1666361068601418,0.0061509759196984,4.319689898685965
247.0,247.0,247.0,247.0,247.0,247.0,247.0,40.0,1.0,0.1756347674463678,0.0055568532641398,4.516039439535327
248.0,248.0,248.0,248.0,248.0,248.0,248.0,40.0,1.0,0.2144911062300099,0.0059275269285034,4.71238898038469
249.0,249.0,249.0,249.0,249.0,249.0,249.0,40.0,1.0,0.2144915316606691,0.0061480074010258,4.908738521234052
250.0,250.0,250.0,250.0,250.0,250.0,250.0,40.0,1.0,0.2452497026411798,0.0068973677885183,5.105088062083414
251.0,251.0,251.0,251.0,251.0,251.0,251.0,40.0,1.0,0.2282864643758405,0.0062915344726903,5.301437602932776
252.0,252.0,252.0,252.0,252.0,252.0,252.0,40.0,1.0,0.2705251313362768,0.0064246354067187,5.497787143782138
253.0,253.0,253.0,253.0,253.0,253.0,253.0,40.0,1.0,0.2833888401092197,0.0078104041399332,5.6941366846315
254.0,254.0,254.0,254.0,254.0,254.0,254.0,40.0,1.0,0.3097234742674616,0.0086436148371051,5.890486225480862
255.0,255.0,255.0,255.0,255.0,255.0,255.0,40.0,1.0,0.3206297111326152,0.0085765221051612,6.086835766330224
256.0,256.0,256.0,256.0,256.0,256.0,256.0,40.0,1.0,0.1937890748380114,0.4053528870231542,0.0
257.0,257.0,257.0,257.0,257.0,257.0,257.0,40.0,1.0,-0.0711593668597338,0.2838568947704712,0.196349540849362
258.0,258.0,258.0,258.0,258.0,258.0,258.0,40.0,1.0,0.0686719566651635,0.2624798547847553,0.3926990816987241
259.0,259.0,259.0,259.0,259.0,259.0,259.0,40.0,1.0,0.4756130858438923,0.3276899697147244,0.5890486225480862
260.0,260.0,260.0,260.0,260.0,260.0,260.0,40.0,1.0,0.240650370387372,0.2922085918208782,0.7853981633974483
261.0,261.0,261.0,261.0,261.0,261.0,261.0,40.0,1.0,-0.2830070313410451,0.2585773907147585,0.9817477042468103
262.0,262.0,262.0,262.0,262.0,262.0,262.0,40.0,1.0,0.8893498090828378,0.2878644599176917,1.1780972450961724
263.0,263.0,263.0,263.0,263.0,263.0,263.0,40.0,1.0,-0.5708609319754718,0.2723323211779176,1.3744467859455345
264.0,264.0,264.0,264.0,264.0,264.0,264.0,40.0,1.0,-0.227501116662366,0.2509866897062147,1.5707963267948966
265.0,265.0,265.0,265.0,265.0,265.0,265.0,40.0,1.0,-0.4811138366323495,0.2646746933874752,1.7671458676442586
266.0,266.0,266.0,266.0,266.0,266.0,266.0,40.0,1.0,-0.6233400964835202,0.2897773788257021,1.9634954084936207
267.0,267.0,267.0,267.0,267.0,267.0,267.0,40.0,1.0,0.028210305570101,0.3013659880142901,2.1598449493429825
268.0,268.0,268.0,268.0,268.0,268.0,268.0,40.0,1.0,-0.3898503530667833,0.2469609861562721,2.356194490192345
269.0,269.0,269.0,269.0,269.0,269.0,269.0,40.0,1.0,0.0424511177798545,0.3120344728505387,2.552544031041707
270.0,270.0,270.0,270.0,270.0,270.0,270.0,40.0,1.0,-0.0204669208298178,0.2552723802264999,2.748893571891069
271.0,271.0,271.0,271.0,271.0,271.0,271.0,40.0,1.0,-0.5175021473961122,0.2766336164422352,2.945243112740431
272.0,272.0,272.0,272.0,272.0,272.0,272.0,40.0,1.0,-0.2840593217247036,0.323005837244303,3.141592653589793
273.0,273.0,273.0,273.0,273.0,273.0,273.0,40.0,1.0,0.1995636097407893,0.2770861456402799,3.3379421944391554
274.0,274.0,274.0,274.0,274.0,274.0,274.0,40.0,1.0,-0.2082731479147455,0.2633828152513893,3.5342917352885173
275.0,275.0,275.0,275.0,275.0,275.0,275.0,40.0,1.0,-0.0127022302938064,0.2962125407186688,3.730641276137879
276.0,276.0,276.0,276.0,276.0,276.0,276.0,40.0,1.0,0.4597731138250852,0.2733570612323074,3.9269908169872414
277.0,277.0,277.0,277.0,277.0,277.0,277.0,40.0,1.0,0.1256178913087844,0.2896021246950818,4.123340357836604
278.0,278.0,278.0,278.0,278.0,278.0,278.0,40.0,1.0,-0.8844283167271365,0.2843333345986462,4.319689898685965
279.0,279.0,279.0,279.0,279.0,279.0,279.0,40.0,1.0,0.2384402988826562,0.3248870887884714,4.516039439535327
280.0,280.0,280.0,280.0,280.0,280.0,280.0,40.0,1.0,0.1035644053549352,0.2926779311297895,4.71238898038469
281.0,281.0,281.0,281.0,281.0,281.0,281.0,40.0,1.0,-0.4713006274943556,0.3040157751327167,4.908738521234052
282.0,282.0,282.0,282.0,282.0,282.0,282.0,40.0,1.0,0.4495804779583959,0.287676882377224,5.105088062083414
283.0,283.0,283.0,283.0,283.0,283.0,283.0,40.0,1.0,-0.2858598608731917,0.2688691171049857,5.301437602932776
284.0,284.0,284.0,284.0,284.0,284.0,284.0,40.0,1.0,0.9328037468913998,0.2887052896744931,5.497787143782138
285.0,285.0,285.0,285.0,285.0,285.0,285.0,40.0,1.0,-0.0923165030516146,0.2730140926078838,5.6941366846315
286.0,286.0,286.0,286.0,286.0,286.0,286.0,40.0,1.0,-0.4148215522045166,0.2611576158729917,5.890486225480862
287.0,287.0,287.0,287.0,287.0,287.0,287.0,40.0,1.0,0.2477040284286907,0.2399369888768723,6.086835766330224
288.0,288.0,288.0,288.0,288.0,288.0,,40.0,1.0,0.3340328994016365,0.0438353271134944,0.0
289.0,289.0,289.0,289.0,289.0,289.0,,40.0,1.0,0.297142944688239,0.0334180511499987,0.196349540849362
290.0,290.0,290.0,290.0,290.0,290.0,,40.0,1.0,0.3117668768909741,0.0317763293218204,0.3926990816987241
291.0,291.0,291.0,291.0,291.0,291.0,,40.0,1.0,0.3192592636224418,0.0251746367510483,0.5890486225480862
292.0,292.0,292.0,292.0,292.0,292.0,,40.0,1.0,0.2487194065388163,0.0304196882874855,0.7853981633974483
293.0,293.0,293.0,293.0,293.0,293.0,,40.0,1.0,0.1886392134794953,0.0309085610626205,0.9817477042468103
294.0,294.0,294.0,294.0,294.0,294.0,,40.0,1.0,0.1129075692081724,0.0285853397475884,1.1780972450961724
295.0,295.0,295.0,295.0,295.0,295.0,,40.0,1.0,0.0315734796133597,0.0273105230986203,1.3744467859455345
296.0,296.0,296.0,296.0,296.0,296.0,,40.0,1.0,-0.0129463807569117,0.0295078062079952,1.5707963267948966
297.0,297.0,297.0,297.0,297.0,297.0,,40.0,1.0,-0.0032993574882256,0.0288321688642825,1.7671458676442586
298.0,298.0,298.0,298.0,298.0,298.0,,40.0,1.0,-0.073335940509687,0.0282708939004255,1.9634954084936207
299.0,299.0,299.0,299.0,299.0,299.0,,40.0,1.0,-0.043144172037397,0.0287453672808127,2.1598449493429825
300.0,300.0,300.0,300.0,300.0,300.0,,40.0,1.0,-0.1275379890156081,0.0329152566482865,2.356194490192345
301.0,301.0,301.0,301.0,301.0,301.0,,40.0,1.0,-0.191527018641628,0.0292393053770448,2.552544031041707
302.0,302.0,302.0,302.0,302.0,302.0,,40.0,1.0,-0.1819997684211345,0.0316334766700607,2.748893571891069
303.0,303.0,303.0,303.0,303.0,303.0,,40.0,1.0,-0.1671701333576141,0.0269091133070413,2.945243112740431
304.0,304.0,304.0,304.0,304.0,304.0,,40.0,1.0,-0.1353002094379546,0.0334912700053312,3.141592653589793
305.0,305.0,305.0,305.0,305.0,305.0,,40.0,1.0,-0.1875714359407093,0.0293515868029627,3.3379421944391554
306.0,306.0,306.0,306.0,306.0,306.0,,40.0,1.0,-0.1613605685503507,0.0283470363348498,3.5342917352885173
307.0,307.0,307.0,307.0,307.0,307.0,,40.0,1.0,-0.0582662927529876,0.0272828509901354,3.730641276137879
308.0,308.0,308.0,308.0,308.0,308.0,,40.0,1.0,-0.1716421521432358,0.0279742843099108,3.9269908169872414
309.0,309.0,309.0,309.0,309.0,309.0,,40.0,1.0,-0.0492702725517692,0.0303777108684193,4.123340357836604
310.0,310.0,310.0,310.0,310.0,310.0,,40.0,1.0,0.0311156819536875,0.0278353902549232,4.319689898685965
311.0,311.0,311.0,311.0,311.0,311.0,,40.0,1.0,0.0361318119839491,0.0281997436034317,4.516039439535327
312.0,312.0,312.0,312.0,312.0,312.0,,40.0,1.0,0.0688428901645327,0.0259835092646734,4.71238898038469
313.0,313.0,313.0,313.0,313.0,313.0,,40.0,1.0,0.0927000149578666,0.0272162874743617,4.908738521234052
314.0,314.0,314.0,314.0,314.0,314.0,,40.0,1.0,0.1441329208554704,0.0288316578654381,5.105088062083414
315.0,315.0,315.0,315.0,315.0,315.0,,40.0,1.0,0.1654508162594998,0.0303864832401783,5.301437602932776
316.0,316.0,316.0,316.0,316.0,316.0,,40.0,1.0,0.1946092891856536,0.0265203836070075,5.497787143782138
317.0,317.0,317.0,317.0,317.0,317.0,,40.0,1.0,0.2407537326199674,0.0248874390096201,5.6941366846315
318.0,318.0,318.0,318.0,318.0,318.0,,40.0,1.0,0.2480337778792789,0.0289065289641467,5.890486225480862
319.0,319.0,319.0,319.0,319.0,319.0,,40.0,1.0,0.322260789018702,0.0308133180665603,6.086835766330224
320.0,320.0,320.0,320.0,320.0,,,20.0,1.0,0.0583836736709605,0.0427379378636521,0.0
321.0,321.0,321.0,321.0,321.0,,,20.0,1.0,0.0904156496424848,0.0327859870857436,0.196349540849362
322.0,322.0,322.0,322.0,322.0,,,20.0,1.0,0.0672363280593591,0.0293250341331284,0.3926990816987241
323.0,323.0,323.0,323.0,323.0,,,20.0,1.0,0.0939781213179627,0.0285880596359901,0.5890486225480862
324.0,324.0,324.0,324.0,324.0,,,20.0,1.0,0.0662169662125552,0.0310439992687576,0.7853981633974483
325.0,325.0,325.0,325.0,325.0,,,20.0,1.0,0.0891546032288313,0.0284272183215276,0.9817477042468103
326.0,326.0,326.0,326.0,326.0,,,20.0,1.0,0.0852371581420054,0.0307672151438813,1.1780972450961724
327.0,327.0,327.0,327.0,327.0,,,20.0,1.0,-0.0321973254384942,0.0290952889573526,1.3744467859455345
328.0,328.0,328.0,328.0,328.0,,,20.0,1.0,0.0190445739100032,0.0320386496740597,1.5707963267948966
329.0,329.0,329.0,329.0,329.0,,,20.0,1.0,-0.002851927897593,0.0300079938653598,1.7671458676442586
330.0,330.0,330.0,330.0,330.0,,,20.0,1.0,0.0103596430484076,0.0287727201904911,1.9634954084936207
331.0,331.0,331.0,331.0,331.0,,,20.0,1.0,-0.0731650202447216,0.0227532867989207,2.1598449493429825
332.0,332.0,332.0,332.0,332.0,,,20.0,1.0,-0.1585197683725597,0.03263443335799,2.356194490192345
333.0,333.0,333.0,333.0,333.0,,,20.0,1.0,-0.0957485351735833,0.0293652955202588,2.552544031041707
334.0,334.0,334.0,334.0,334.0,,,20.0,1.0,-0.1432516539613725,0.029634665390007,2.748893571891069
335.0,335.0,335.0,335.0,335.0,,,20.0,1.0,-0.2142593474125832,0.0326939437197955,2.945243112740431
336.0,336.0,336.0,336.0,336.0,,,20.0,1.0,-0.1697124512312419,0.0407396697717339,3.141592653589793
337.0,337.0,337.0,337.0,337.0,,,20.0,1.0,-0.202128910693232,0.0277710138306471,3.3379421944391554
338.0,338.0,338.0,338.0,338.0,,,20.0,1.0,-0.1313587029858556,0.0285696811146751,3.5342917352885173
339.0,339.0,339.0,339.0,339.0,,,20.0,1.0,-0.1767107864098252,0.02846653385653,3.730641276137879
340.0,340.0,340.0,340.0,340.0,,,20.0,1.0,-0.1205371425270217,0.0288095290512075,3.9269908169872414
341.0,341.0,341.0,341.0,341.0,,,20.0,1.0,-0.041038602544415,0.0340846361825648,4.123340357836604
342.0,342.0,342.0,342.0,342.0,,,20.0,1.0,-0.0301095725950929,0.0349597809493244,4.319689898685965
343.0,343.0,343.0,343.0,343.0,,,20.0,1.0,0.0276765474039782,0.0348010044909267,4.516039439535327
344.0,344.0,344.0,344.0,344.0,,,20.0,1.0,0.0032093957965186,0.0254392179128194,4.71238898038469
345.0,345.0,345.0,345.0,345.0,,,20.0,1.0,0.0135859543520168,0.0291467367261102,4.908738521234052
346.0,346.0,346.0,346.0,346.0,,,20.0,1.0,0.1190457432992658,0.0265840075232626,5.105088062083414
347.0,347.0,347.0,347.0,347.0,,,20.0,1.0,0.0835991891267704,0.0303756435578974,5.301437602932776
348.0,348.0,348.0,348.0,348.0,,,20.0,1.0,0.0887038300517042,0.0363227351717952,5.497787143782138
349.0,349.0,349.0,349.0,349.0,,,20.0,1.0,0.058294382019183,0.0313808546128395,5.6941366846315
350.0,350.0,350.0,350.0,350.0,,,20.0,1.0,0.1310137638208413,0.0285345353772565,5.890486225480862
351.0,351.0,351.0,351.0,351.0,,,20.0,1.0,0.1551493173096146,0.0329976095820133,6.086835766330224
352.0,352.0,352.0,352.0,,,,10.0,1.0,0.6344011760612152,0.0541064008687376,0.0
353.0,353.0,353.0,353.0,,,,10.0,1.0,0.6542019194218276,0.0363983803114686,0.196349540849362
354.0,354.0,354.0,354.0,,,,10.0,1.0,0.699479106023454,0.03507465135729,0.3926990816987241
355.0,355.0,355.0,355.0,,,,10.0,1.0,0.5705658456855213,0.0371408391123816,0.5890486225480862
356.0,356.0,356.0,356.0,,,,10.0,1.0,0.4807575018114973,0.0354028884667099,0.7853981633974483
357.0,357.0,357.0,357.0,,,,10.0,1.0,0.3067208074227991,0.0409855555137114,0.9817477042468103
358.0,358.0,358.0,358.0,,,,10.0,1.0,0.2971367617114135,0.036270790456654,1.1780972450961724
359.0,359.0,359.0,359.0,,,,10.0,1.0,0.2173554005914756,0.0336466133681956,1.3744467859455345
360.0,360.0,360.0,360.0,,,,10.0,1.0,0.0996771836806029,0.0321472582160592,1.5707963267948966
361.0,361.0,361.0,361.0,,,,10.0,1.0,-0.1022142350537159,0.0327482164319732,1.7671458676442586
362.0,362.0,362.0,362.0,,,,10.0,1.0,-0.1245425866399763,0.0352554276491502,1.9634954084936207
363.0,363.0,363.0,363.0,,,,10.0,1.0,-0.2293231268359693,0.0345156852019128,2.1598449493429825
364.0,364.0,364.0,364.0,,,,10.0,1.0,-0.3050567968517389,0.0291767633024566,2.356194490192345
365.0,365.0,365.0,365.0,,,,10.0,1.0,-0.3062368211430089,0.0356853660825202,2.552544031041707
366.0,366.0,366.0,366.0,,,,10.0,1.0,-0.465971427153989,0.0337463131875352,2.748893571891069
367.0,367.0,367.0,367.0,,,,10.0,1.0,-0.45023472563613,0.0305206841666469,2.945243112740431
368.0,368.0,368.0,368.0,,,,10.0,1.0,-0.4451427286195986,0.0479381230377481,3.141592653589793
369.0,369.0,369.0,369.0,,,,10.0,1.0,-0.4077682737238314,0.0337709190222667,3.3379421944391554
370.0,370.0,370.0,370.0,,,,10.0,1.0,-0.3840258929697102,0.038583008685327,3.5342917352885173
371.0,371.0,371.0,371.0,,,,10.0,1.0,-0.2616963165424104,0.0382884376138183,3.730641276137879
372.0,372.0,372.0,372.0,,,,10.0,1.0,-0.2405302375211311,0.0261641231785469,3.9269908169872414
373.0,373.0,373.0,373.0,,,,10.0,1.0,-0.1893465186169564,0.0351053595262303,4.123340357836604
374.0,374.0,374.0,374.0,,,,10.0,1.0,-0.1072621108323302,0.0333941820300019,4.319689898685965
375.0,375.0,375.0,375.0,,,,10.0,1.0,-0.0058110314523581,0.0380960611387628,4.516039439535327
376.0,376.0,376.0,376.0,,,,10.0,1.0,0.0270557018499185,0.0282096667860796,4.71238898038469
377.0,377.0,377.0,377.0,,,,10.0,1.0,0.1719470635871248,0.0402793837453621,4.908738521234052
378.0,378.0,378.0,378.0,,,,10.0,1.0,0.3791124534520826,0.0362163367152379,5.105088062083414
379.0,379.0,379.0,379.0,,,,10.0,1.0,0.3993663156543819,0.0359025169005108,5.301437602932776
380.0,380.0,380.0,380.0,,,,10.0,1.0,0.4802579326907811,0.0286616390660353,5.497787143782138
381.0,381.0,381.0,381.0,,,,10.0,1.0,0.5834736652442163,0.038708979098778,5.6941366846315
382.0,382.0,382.0,382.0,,,,10.0,1.0,0.5950205320408702,0.0379759880991082,5.890486225480862
383.0,383.0,383.0,383.0,,,,10.0,1.0,0.6123690907172719,0.0372990458209159,6.086835766330224
384.0,384.0,384.0,,,,,5.0,1.0,0.4860426567830914,0.0609068478605794,0.0
385.0,385.0,385.0,,,,,5.0,1.0,0.5463682797279761,0.0389546700224374,0.196349540849362
386.0,386.0,386.0,,,,,5.0,1.0,0.5571910108825959,0.0364290176630819,0.3926990816987241
387.0,387.0,387.0,,,,,5.0,1.0,0.5204837589223065,0.0405631513459069,0.5890486225480862
388.0,388.0,388.0,,,,,5.0,1.0,0.4977161412631676,0.0365052722377365,0.7853981633974483
389.0,389.0,389.0,,,,,5.0,1.0,0.577275052010676,0.0378170056438614,0.9817477042468103
390.0,390.0,390.0,,,,,5.0,1.0,0.6063305095546057,0.0386026801802538,1.1780972450961724
391.0,391.0,391.0,,,,,5.0,1.0,0.5200530914496376,0.0328746150984834,1.3744467859455345
392.0,392.0,392.0,,,,,5.0,1.0,0.4883053605001794,0.0333147075558254,1.5707963267948966
393.0,393.0,393.0,,,,,5.0,1.0,0.4565455196979561,0.0299330677343261,1.7671458676442586
394.0,394.0,394.0,,,,,5.0,1.0,0.4761533051537722,0.0373039744839529,1.9634954084936207
395.0,395.0,395.0,,,,,5.0,1.0,0.5186082336167156,0.0370407425028056,2.1598449493429825
396.0,396.0,396.0,,,,,5.0,1.0,0.5475929047263732,0.0329866873582106,2.356194490192345
397.0,397.0,397.0,,,,,5.0,1.0,0.4857320571217909,0.0324540567522149,2.552544031041707
398.0,398.0,398.0,,,,,5.0,1.0,0.4844792573385219,0.0284597847583182,2.748893571891069
399.0,399.0,399.0,,,,,5.0,1.0,0.4998074616746695,0.0387525791640674,2.945243112740431
400.0,400.0,400.0,,,,,5.0,1.0,0.5414941906037503,0.0464042799393422,3.141592653589793
401.0,401.0,401.0,,,,,5.0,1.0,0.6179709571223365,0.0353413331821884,3.3379421944391554
402.0,402.0,402.0,,,,,5.0,1.0,0.5286640753449137,0.032515902230097,3.5342917352885173
403.0,403.0,403.0,,,,,5.0,1.0,0.5403691216726684,0.0328080091372922,3.730641276137879
404.0,404.0,404.0,,,,,5.0,1.0,0.5931332701096417,0.0323958448822688,3.9269908169872414
405.0,405.0,405.0,,,,,5.0,1.0,0.3941852295227203,0.0339893378954043,4.123340357836604
406.0,406.0,406.0,,,,,5.0,1.0,0.5375988224293006,0.0380554668498063,4.319689898685965
407.0,407.0,407.0,,,,,5.0,1.0,0.5144618776952057,0.0320212450519672,4.516039439535327
408.0,408.0,408.0,,,,,5.0,1.0,0.4998047834273333,0.036101760619297,4.71238898038469
409.0,409.0,409.0,,,,,5.0,1.0,0.595387429250229,0.0379807489477298,4.908738521234052
410.0,410.0,410.0,,,,,5.0,1.0,0.5915419663888596,0.0343425229338692,5.105088062083414
411.0,411.0,411.0,,,,,5.0,1.0,0.505355802745418,0.0366946086232881,5.301437602932776
412.0,412.0,412.0,,,,,5.0,1.0,0.5030410749068696,0.0374071476269682,5.497787143782138
413.0,413.0,413.0,,,,,5.0,1.0,0.5078028820451379,0.0367824635800448,5.6941366846315
414.0,414.0,414.0,,,,,5.0,1.0,0.5696417310730204,0.0357982750330437,5.890486225480862
415.0,415.0,415.0,,,,,5.0,1.0,0.5400918264193559,0.0440666562105766,6.086835766330224
416.0,416.0,,,,,,2.0,1.0,0.7295557433321181,0.0569085347457357,0.0
417.0,417.0,,,,,,2.0,1.0,0.7335397228155012,0.0397548091329377,0.196349540849362
418.0,418.0,,,,,,2.0,1.0,0.6747745656544566,0.0455939186404965,0.3926990816987241
419.0,419.0,,,,,,2.0,1.0,0.6979239796365424,0.0455662756799777,0.5890486225480862
420.0,420.0,,,,,,2.0,1.0,0.5526757103914729,0.0352274138730038,0.7853981633974483
421.0,421.0,,,,,,2.0,1.0,0.5887287090556231,0.0430694188431498,0.9817477042468103
422.0,422.0,,,,,,2.0,1.0,0.5295004827351022,0.038163900083135,1.1780972450961724
423.0,423.0,,,,,,2.0,1.0,0.6636838852699785,0.0367173081091783,1.3744467859455345
424.0,424.0,,,,,,2.0,1.0,0.7227098307254975,0.0333271734459412,1.5707963267948966
425.0,425.0,,,,,,2.0,1.0,0.65068708115262,0.0415272817107824,1.7671458676442586
426.0,426.0,,,,,,2.0,1.0,0.6490099875669226,0.0408305727610794,1.9634954084936207
427.0,427.0,,,,,,2.0,1.0,0.6586992788843049,0.0428213484156925,2.1598449493429825
428.0,428.0,,,,,,2.0,1.0,0.6412890284967839,0.0376211367036429,2.356194490192345
429.0,429.0,,,,,,2.0,1.0,0.6494899410890498,0.0386755638143326,2.552544031041707
430.0,430.0,,,,,,2.0,1.0,0.6718404048038826,0.0364368171424474,2.748893571891069
431.0,431.0,,,,,,2.0,1.0,0.7149562915565139,0.0347596807323006,2.945243112740431
432.0,432.0,,,,,,2.0,1.0,0.634371720205015,0.0542069414430625,3.141592653589793
433.0,433.0,,,,,,2.0,1.0,0.5924010945233321,0.0335761642181341,3.3379421944391554
434.0,434.0,,,,,,2.0,1.0,0.5802487748362009,0.039430103172123,3.5342917352885173
435.0,435.0,,,,,,2.0,1.0,0.7127744144818426,0.0351571927081141,3.730641276137879
436.0,436.0,,,,,,2.0,1.0,0.7067176984822059,0.0381933247736638,3.9269908169872414
437.0,437.0,,,,,,2.0,1.0,0.5874443863039537,0.0458270023188461,4.123340357836604
438.0,438.0,,,,,,2.0,1.0,0.6416681751237207,0.0379632202291735,4.319689898685965
439.0,439.0,,,,,,2.0,1.0,0.6867316031978562,0.0400815381824424,4.516039439535327
440.0,440.0,,,,,,2.0,1.0,0.6484108878810427,0.043910915187343,4.71238898038469
441.0,441.0,,,,,,2.0,1.0,0.5602247006655844,0.0430482890385988,4.908738521234052
442.0,442.0,,,,,,2.0,1.0,0.6237045091059666,0.0406248285189729,5.105088062083414
443.0,443.0,,,,,,2.0,1.0,0.5355661019703849,0.0396712560117885,5.301437602932776
444.0,444.0,,,,,,2.0,1.0,0.5438513574051718,0.0365535042601871,5.497787143782138
445.0,445.0,,,,,,2.0,1.0,0.626922872814928,0.0456110598815545,5.6941366846315
446.0,446.0,,,,,,2.0,1.0,0.6806017900900162,0.0450469930372225,5.890486225480862
447.0,447.0,,,,,,2.0,1.0,0.7712396277999448,0.0391732932769174,6.086835766330224
448.0,,,,,,,1.0,1.0,0.0615307770476502,0.0678221018651255,0.0
449.0,,,,,,,1.0,1.0,0.1057171570918187,0.0474617499903885,0.196349540849362
450.0,,,,,,,1.0,1.0,0.142794400617542,0.0436712547300773,0.3926990816987241
451.0,,,,,,,1.0,1.0,0.0967357102367451,0.0436416612692382,0.5890486225480862
452.0,,,,,,,1.0,1.0,0.0393371010635423,0.0424274532376178,0.7853981633974483
453.0,,,,,,,1.0,1.0,-0.0453290796199305,0.0474212071742566,0.9817477042468103
454.0,,,,,,,1.0,1.0,0.0387329684405174,0.0356991075681503,1.1780972450961724
455.0,,,,,,,1.0,1.0,-0.103622266429563,0.0400377746443855,1.3744467859455345
456.0,,,,,,,1.0,1.0,0.0279099745009862,0.0392840266004144,1.5707963267948966
457.0,,,,,,,1.0,1.0,-0.1256184074382708,0.0398604124362322,1.7671458676442586
458.0,,,,,,,1.0,1.0,-0.0643821510397185,0.0343535036654312,1.9634954084936207
459.0,,,,,,,1.0,1.0,-0.0657867252104452,0.037764640681587,2.1598449493429825
460.0,,,,,,,1.0,1.0,-0.0893198123286274,0.0368929503566917,2.356194490192345
461.0,,,,,,,1.0,1.0,-0.0954232896756709,0.034922032970305,2.552544031041707
462.0,,,,,,,1.0,1.0,-0.0178983268576519,0.0408104789367373,2.748893571891069
463.0,,,,,,,1.0,1.0,0.0457764318790097,0.0385019847484578,2.945243112740431
464.0,,,,,,,1.0,1.0,-0.0264684566003614,0.0517243028871321,3.141592653589793
465.0,,,,,,,1.0,1.0,0.0259023737555783,0.0408955009016323,3.3379421944391554
466.0,,,,,,,1.0,1.0,-0.0113787417898173,0.0396039534369285,3.5342917352885173
467.0,,,,,,,1.0,1.0,0.0472319502069104,0.0336534820300618,3.730641276137879
468.0,,,,,,,1.0,1.0,-0.0615612547787379,0.0383223218701264,3.9269908169872414
469.0,,,,,,,1.0,1.0,-0.2130698210394171,0.0399719367960561,4.123340357836604
470.0,,,,,,,1.0,1.0,-0.021180347120946,0.0409219860949795,4.319689898685965
471.0,,,,,,,1.0,1.0,-0.0689718063221106,0.0400063450564036,4.516039439535327
472.0,,,,,,,1.0,1.0,-0.0963277602742254,0.0337628655210605,4.71238898038469
473.0,,,,,,,1.0,1.0,-0.090677767323075,0.0428821031675386,4.908738521234052
474.0,,,,,,,1.0,1.0,0.049155306226868,0.0448324966123174,5.105088062083414
475.0,,,,,,,1.0,1.0,-0.0403284336980076,0.0506721167127494,5.301437602932776
476.0,,,,,,,1.0,1.0,0.0502923325791039,0.045105277752994,5.497787143782138
477.0,,,,,,,1.0,1.0,0.0866262383505726,0.0371817114490458,5.6941366846315
478.0,,,,,,,1.0,1.0,0.105686221422441,0.0437545202566927,5.890486225480862
479.0,,,,,,,1.0,1.0,0.0456037553500415,0.0449288170108323,6.086835766330224
,,,,,,,0.5,1.0,0.3361544138918917,0.0673653361077898,0.0
,,,,,,,0.5,1.0,0.2634478463303651,0.0496404585730716,0.196349540849362
,,,,,,,0.5,1.0,0.3588490396266094,0.0382529796084322,0.3926990816987241
,,,,,,,0.5,1.0,0.1260307997284968,0.0393612217901357,0.5890486225480862
,,,,,,,0.5,1.0,0.2340790620988471,0.0418362719929517,0.7853981633974483
,,,,,,,0.5,1.0,0.1397444883930263,0.0445616480339894,0.9817477042468103
,,,,,,,0.5,1.0,0.1369468486939104,0.0419571164729333,1.1780972450961724
,,,,,,,0.5,1.0,0.2915645908076377,0.0411048569466952,1.3744467859455345
,,,,,,,0.5,1.0,0.2129503336582082,0.0415684406247856,1.5707963267948966
,,,,,,,0.5,1.0,0.2093675087535882,0.042507602333564,1.7671458676442586
,,,,,,,0.5,1.0,0.1636580673875466,0.0396414908105888,1.9634954084936207
,,,,,,,0.5,1.0,0.2973358061332478,0.0456192074903596,2.1598449493429825
,,,,,,,0.5,1.0,0.1848832161591662,0.0443467725900057,2.356194490192345
,,,,,,,0.5,1.0,0.2378657068304764,0.0428922882159713,2.552544031041707
,,,,,,,0.5,1.0,0.114237448168064,0.0401466920531159,2.748893571891069
,,,,,,,0.5,1.0,0.1435748687292476,0.0442942377253079,2.945243112740431
,,,,,,,0.5,1.0,0.1539770199377834,0.0537675171206493,3.141592653589793
,,,,,,,0.5,1.0,0.2245138057393168,0.0453890781056309,3.3379421944391554
,,,,,,,0.5,1.0,0.1244965696452677,0.034844899564231,3.5342917352885173
,,,,,,,0.5,1.0,0.1487889044387861,0.0382225333605127,3.730641276137879
,,,,,,,0.5,1.0,0.0369457723837669,0.0400193624561422,3.9269908169872414
,,,,,,,0.5,1.0,0.2163815316892678,0.0423850683538027,4.123340357836604
,,,,,,,0.5,1.0,0.211139744724135,0.0409965217008778,4.319689898685965
,,,,,,,0.5,1.0,0.1778231627938572,0.0394401083620133,4.516039439535327
,,,,,,,0.5,1.0,0.236085667546966,0.0470255865373759,4.71238898038469
,,,,,,,0.5,1.0,0.2449047703287865,0.0382604510583708,4.908738521234052
,,,,,,,0.5,1.0,0.2436221868992476,0.0362198020596748,5.105088062083414
,,,,,,,0.5,1.0,0.2204148798300847,0.0389880732170767,5.301437602932776
,,,,,,,0.5,1.0,0.2311647484352056,0.047953885767228,5.497787143782138
,,,,,,,0.5,1.0,0.1492353898157637,0.0447326434526487,5.6941366846315
,,,,,,,0.5,1.0,0.2389098542623235,0.0437992435237388,5.890486225480862
,,,,,,,0.5,1.0,0.231016321413801,0.0495417602516684,6.086835766330224
,,,,,,,0.0,1.0,0.3681932338572387,0.07248086735205135,0.0
,,,,,,,0.0,1.0,0.4486072559139291,0.046062848289124055,0.19634954084936207
,,,,,,,0.0,1.0,0.26750072933924784,0.04355222947364263,0.39269908169872414
,,,,,,,0.0,1.0,0.1984711796507593,0.0470564136306887,0.5890486225480862
,,,,,,,0.0,1.0,0.03360172554348931,0.042734499120138575,0.7853981633974483
,,,,,,,0.0,1.0,-0.12499770180242187,0.04466071036449929,0.9817477042468103
,,,,,,,0.0,1.0,-0.2916981667890306,0.05102539838353351,1.1780972450961724
,,,,,,,0.0,1.0,-0.387506601870989,0.05548497144117247,1.3744467859455345
,,,,,,,0.0,1.0,-0.4116667717935954,0.04263100071781277,1.5707963267948966
,,,,,,,0.0,1.0,-0.5780135027691414,0.04149931230659992,1.7671458676442586
,,,,,,,0.0,1.0,-0.3523404192362259,0.04024183421480008,1.9634954084936207
,,,,,,,0.0,1.0,-0.257611929563772,0.04119856584300491,2.1598449493429825
,,,,,,,0.0,1.0,0.001731235130571244,0.0426421727047771,2.356194490192345
,,,,,,,0.0,1.0,0.16632937726628255,0.04222628171068367,2.552544031041707
,,,,,,,0.0,1.0,0.31682146339739303,0.044268023121050715,2.748893571891069
,,,,,,,0.0,1.0,0.4274539179706597,0.03585934464111895,2.945243112740431
,,,,,,,0.0,1.0,0.4241461928195634,0.05612252842479897,3.141592653589793
,,,,,,,0.0,1.0,0.51163951287961,0.043321088698389756,3.3379421944391554
,,,,,,,0.0,1.0,0.33310385155996663,0.04604259419941115,3.5342917352885173
,,,,,,,0.0,1.0,0.25283280137910696,0.040810547327994495,3.730641276137879
,,,,,,,0.0,1.0,0.009014535982769167,0.04709919676806105,3.9269908169872414
,,,,,,,0.0,1.0,-0.23534748880677417,0.04188656658730871,4.123340357836604
,,,,,,,0.0,1.0,-0.3567730077013407,0.04353108819934291,4.319689898685965
,,,,,,,0.0,1.0,-0.33015081900515225,0.0478703191370867,4.516039439535327
,,,,,,,0.0,1.0,-0.45937142425153055,0.044362795393644926,4.71238898038469
,,,,,,,0.0,1.0,-0.3876138276394087,0.04588220218595271,4.908738521234052
,,,,,,,0.0,1.0,-0.30920403261327,0.04234280430138426,5.105088062083414
,,,,,,,0.0,1.0,-0.12854350246995794,0.04038898713583337,5.301437602932776
,,,,,,,0.0,1.0,0.03304732869835174,0.03793712578664922,5.497787143782138
,,,,,,,0.0,1.0,0.13243934288949322,0.03574932327972808,5.6941366846315
,,,,,,,0.0,1.0,0.31631399315000985,0.04633868150320235,5.890486225480862
,,,,,,,0.0,1.0,0.49157412304887155,0.041703773701854206,6.086835766330224
