g^4,gamma,D(p),error,p
10.0,1.0,0.573568735998653,0.0259743539800338,0.0
10.0,1.0,0.6185879132043219,0.0195691473045275,0.196349540849362
10.0,1.0,0.4873214754663365,0.0160281156260183,0.3926990816987241
10.0,1.0,0.4643282970338221,0.0174538194342878,0.5890486225480862
10.0,1.0,0.3853608373580313,0.0179485388909196,0.7853981633974483
10.0,1.0,0.4033869368680795,0.0152654379191451,0.9817477042468103
10.0,1.0,0.3013432128486377,0.0123892322649077,1.1780972450961724
10.0,1.0,0.2986376163742297,0.0138757945725316,1.3744467859455345
10.0,1.0,0.2496328951456757,0.0129819419543199,1.5707963267948966
10.0,1.0,0.2300199164036712,0.0120090257291275,1.7671458676442586
10.0,1.0,0.2322561847675759,0.0132504544098984,1.9634954084936207
10.0,1.0,0.1999705137606186,0.0104072590109571,2.1598449493429825
10.0,1.0,0.1944160875392095,0.0101858503524598,2.356194490192345
10.0,1.0,0.2042297677076986,0.011549747636501,2.552544031041707
10.0,1.0,0.1990452461029847,0.0112327240480618,2.748893571891069
10.0,1.0,0.1768753077773792,0.0103665765874261,2.945243112740431
10.0,1.0,0.1331728419205632,0.0156382407397724,3.141592653589793
10.0,1.0,0.1638569329295603,0.012504086563423,3.3379421944391554
10.0,1.0,0.1868421263344446,0.0113081924161048,3.5342917352885173
10.0,1.0,0.1831873540824061,0.0112555309499647,3.730641276137879
10.0,1.0,0.1935196208282886,0.010173961930086,3.9269908169872414
10.0,1.0,0.2043655229680364,0.0102725444965425,4.123340357836604
10.0,1.0,0.1983673702524549,0.0106616782234895,4.319689898685965
10.0,1.0,0.2493290843549441,0.0107164329318173,4.516039439535327
10.0,1.0,0.2700443219993182,0.0130657499390804,4.71238898038469
10.0,1.0,0.2606452692069453,0.01423530909753,4.908738521234052
10.0,1.0,0.3258378696946416,0.014674629500955,5.105088062083414
10.0,1.0,0.4229569311995093,0.0179442287201197,5.301437602932776
10.0,1.0,0.4079653437415445,0.0173653676009582,5.497787143782138
10.0,1.0,0.5067610981843778,0.0159006133257905,5.6941366846315
10.0,1.0,0.570218620310252,0.0184839394184726,5.890486225480862
10.0,1.0,0.6013783873050299,0.0203042539874106,6.086835766330224
5.0,1.0,0.7909085525770536,0.0277032433452891,0.0
5.0,1.0,0.7393419715503081,0.0194647943079211,0.196349540849362
5.0,1.0,0.6541836980505432,0.019488927886258,0.3926990816987241
5.0,1.0,0.5734034090418743,0.0208871075950741,0.5890486225480862
5.0,1.0,0.5090336907723364,0.0192872958547653,0.7853981633974483
5.0,1.0,0.4588764762270091,0.0182707526839381,0.9817477042468103
5.0,1.0,0.3915952741173174,0.0147790822775792,1.1780972450961724
5.0,1.0,0.3395954881021983,0.0136815205053208,1.3744467859455345
5.0,1.0,0.2993200069968734,0.0118109879734949,1.5707963267948966
5.0,1.0,0.2227450163919021,0.0130026055200977,1.7671458676442586
5.0,1.0,0.2403366114265786,0.0118750453324564,1.9634954084936207
5.0,1.0,0.2039890662124791,0.0130939201060049,2.1598449493429825
5.0,1.0,0.2193967350781231,0.0128523270342269,2.356194490192345
5.0,1.0,0.186199918354438,0.0109339061417404,2.552544031041707
5.0,1.0,0.1876597480453242,0.0116737238554788,2.748893571891069
5.0,1.0,0.1829980601731692,0.0118912209940844,2.945243112740431
5.0,1.0,0.1745106701553647,0.0164462421043208,3.141592653589793
5.0,1.0,0.1964562695985613,0.0115503702273265,3.3379421944391554
5.0,1.0,0.1999442213897143,0.0105653801267175,3.5342917352885173
5.0,1.0,0.2089193433636313,0.0141003320520748,3.730641276137879
5.0,1.0,0.2072234041943244,0.0113566861666529,3.9269908169872414
5.0,1.0,0.2049422403866539,0.0129287754494831,4.123340357836604
5.0,1.0,0.2459487707656447,0.0134344030215936,4.319689898685965
5.0,1.0,0.295716358721276,0.0127110001458071,4.516039439535327
5.0,1.0,0.3062074980743107,0.0144003217383355,4.71238898038469
5.0,1.0,0.3225284094303148,0.015902785072307,4.908738521234052
5.0,1.0,0.3903305237649303,0.015612513433305,5.105088062083414
5.0,1.0,0.4650522915414054,0.0181931458390352,5.301437602932776
5.0,1.0,0.4723167374212552,0.0197312512483928,5.497787143782138
5.0,1.0,0.5593053552078701,0.018333719617976,5.6941366846315
5.0,1.0,0.6368616439950647,0.0213195223343183,5.890486225480862
5.0,1.0,0.6915471078057339,0.0184158844219299,6.086835766330224
40.0,1.0,0.3216030417321268,0.0161129257208614,0.0
40.0,1.0,0.3065467289466418,0.0142128830050296,0.196349540849362
40.0,1.0,0.313149807531693,0.0124466488051961,0.3926990816987241
40.0,1.0,0.2809472291773379,0.0124281005145889,0.5890486225480862
40.0,1.0,0.2832141387653324,0.0099588107739092,0.7853981633974483
40.0,1.0,0.2809269737420883,0.0110427675277856,0.9817477042468103
40.0,1.0,0.2231277989936164,0.0114792404444091,1.1780972450961724
40.0,1.0,0.2061639627156911,0.0114877734825965,1.3744467859455345
40.0,1.0,0.2052677585542134,0.0105717528529819,1.5707963267948966
40.0,1.0,0.170655853746372,0.0098066830952665,1.7671458676442586
40.0,1.0,0.1772016213386536,0.0082641107683229,1.9634954084936207
40.0,1.0,0.1624804969157062,0.0094598472544306,2.1598449493429825
40.0,1.0,0.147533639936624,0.0083168860101255,2.356194490192345
40.0,1.0,0.1503427980671623,0.0087611200025778,2.552544031041707
40.0,1.0,0.1485734867106986,0.0087016654644713,2.748893571891069
40.0,1.0,0.1434740974691065,0.0085780818041658,2.945243112740431
40.0,1.0,0.1341649633025933,0.0113676518906075,3.141592653589793
40.0,1.0,0.1205045732216788,0.008219639401752,3.3379421944391554
40.0,1.0,0.1492116072023635,0.0095985065254352,3.5342917352885173
40.0,1.0,0.1562487038032976,0.0089006040860502,3.730641276137879
40.0,1.0,0.1441201876769257,0.0090872793627572,3.9269908169872414
40.0,1.0,0.1700206522485989,0.0092239876664677,4.123340357836604
40.0,1.0,0.1557158896187487,0.010779501033408,4.319689898685965
40.0,1.0,0.178529917741446,0.0107436098238948,4.516039439535327
40.0,1.0,0.1933974377043282,0.0095719967484658,4.71238898038469
40.0,1.0,0.2352416346062364,0.011135583473383,4.908738521234052
40.0,1.0,0.2449980864413291,0.0112405476843023,5.105088062083414
40.0,1.0,0.2345635081308299,0.0123602268463251,5.301437602932776
40.0,1.0,0.2751388235163462,0.013348913703009,5.497787143782138
40.0,1.0,0.2876376043448863,0.0112628579785833,5.6941366846315
40.0,1.0,0.2771669435563668,0.0098110235587856,5.890486225480862
40.0,1.0,0.3418183920853483,0.0126769657726643,6.086835766330224
10.0,1.0,0.553743660677458,0.0295427894920508,0.0
10.0,1.0,0.5554191262566556,0.021178518839678,0.196349540849362
10.0,1.0,0.5023781630084244,0.0192289222377567,0.3926990816987241
10.0,1.0,0.4575600674106687,0.0180585300918146,0.5890486225480862
10.0,1.0,0.3992288335121323,0.017814494770983,0.7853981633974483
10.0,1.0,0.380096287625882,0.0141603637273492,0.9817477042468103
10.0,1.0,0.3381331885037579,0.0148409702252402,1.1780972450961724
10.0,1.0,0.3166060909722779,0.0133577458682121,1.3744467859455345
10.0,1.0,0.2817445581698195,0.0125018724960719,1.5707963267948966
10.0,1.0,0.2648211213199624,0.0118419087993543,1.7671458676442586
10.0,1.0,0.2083339777743231,0.0112059649150351,1.9634954084936207
10.0,1.0,0.2207543075662862,0.0112744352908145,2.1598449493429825
10.0,1.0,0.2107486990542191,0.0110862996900078,2.356194490192345
10.0,1.0,0.194554287625723,0.0112755332097633,2.552544031041707
10.0,1.0,0.1853654735719876,0.0103763191723806,2.748893571891069
10.0,1.0,0.1845619852813539,0.0118065275019096,2.945243112740431
10.0,1.0,0.183735144903297,0.0144781695316328,3.141592653589793
10.0,1.0,0.177340336895039,0.0100630951136998,3.3379421944391554
10.0,1.0,0.1715181665484378,0.0094667710102904,3.5342917352885173
10.0,1.0,0.1776760903342677,0.0112590995159055,3.730641276137879
10.0,1.0,0.220587085263705,0.0112269994841023,3.9269908169872414
10.0,1.0,0.2141015591985631,0.010274191248167,4.123340357836604
10.0,1.0,0.2022207340009736,0.0108377874788765,4.319689898685965
10.0,1.0,0.2469415002067881,0.0114739722683946,4.516039439535327
10.0,1.0,0.2690553107435672,0.0136313884301137,4.71238898038469
10.0,1.0,0.3065669640893966,0.0143357224233494,4.908738521234052
10.0,1.0,0.3334143919169487,0.0147151231842842,5.105088062083414
10.0,1.0,0.3636185537873589,0.0140260627831613,5.301437602932776
10.0,1.0,0.4094894201719981,0.0185076139772884,5.497787143782138
10.0,1.0,0.5185061304449847,0.0170255746931964,5.6941366846315
10.0,1.0,0.5062631306431148,0.018476285311981,5.890486225480862
10.0,1.0,0.5808192966006118,0.0195532114094043,6.086835766330224
5.0,1.0,0.8009780934165839,0.0287904788187916,0.0
5.0,1.0,0.6927429179345588,0.0206705318051781,0.196349540849362
5.0,1.0,0.6636488044665556,0.0196065991123503,0.3926990816987241
5.0,1.0,0.5856241019031567,0.0188524136901759,0.5890486225480862
5.0,1.0,0.4979638487375503,0.0185646889827643,0.7853981633974483
5.0,1.0,0.4522789862316703,0.0163602816257048,0.9817477042468103
5.0,1.0,0.3845115243949003,0.0157286249391041,1.1780972450961724
5.0,1.0,0.3072144474511918,0.0141727355988069,1.3744467859455345
5.0,1.0,0.2962802143071443,0.0144109401227724,1.5707963267948966
5.0,1.0,0.2541427391681966,0.0133479961515212,1.7671458676442586
5.0,1.0,0.2421846466902952,0.0118314074897047,1.9634954084936207
5.0,1.0,0.1931637897661834,0.0126172326799443,2.1598449493429825
5.0,1.0,0.196577497152398,0.0124207070950308,2.356194490192345
5.0,1.0,0.1964208588868251,0.0115241159905965,2.552544031041707
5.0,1.0,0.2077115650641927,0.0111539105267607,2.748893571891069
5.0,1.0,0.1690533933327848,0.011242611960216,2.945243112740431
5.0,1.0,0.1809933245186569,0.0140090008784274,3.141592653589793
5.0,1.0,0.2126592394085048,0.0114110341330212,3.3379421944391554
5.0,1.0,0.1915496758505706,0.011411758597587,3.5342917352885173
5.0,1.0,0.1911648163315256,0.0110262851914055,3.730641276137879
5.0,1.0,0.2011809599771045,0.0129561559586628,3.9269908169872414
5.0,1.0,0.219093045651889,0.0109102932916487,4.123340357836604
5.0,1.0,0.2424542696708017,0.0131519475935499,4.319689898685965
5.0,1.0,0.263796456078756,0.0130674704910314,4.516039439535327
5.0,1.0,0.2723477754900484,0.0153613232936555,4.71238898038469
5.0,1.0,0.3531422581352861,0.0149790010693161,4.908738521234052
5.0,1.0,0.3745932415292434,0.0160137805390705,5.105088062083414
5.0,1.0,0.4757475773267361,0.0163235236396601,5.301437602932776
5.0,1.0,0.5290559305152469,0.0172298829051404,5.497787143782138
5.0,1.0,0.6273466997643733,0.018388316378537,5.6941366846315
5.0,1.0,0.7304874220183071,0.0219824385676838,5.890486225480862
5.0,1.0,0.7118980607429322,0.0208453354739588,6.086835766330224
2.0,1.0,0.8685096797991703,0.0349580909678769,0.0
2.0,1.0,0.8303842304753617,0.0235327782073419,0.196349540849362
2.0,1.0,0.7143823529673796,0.0222189163835025,0.3926990816987241
2.0,1.0,0.6694888394227783,0.020547766323215,0.5890486225480862
2.0,1.0,0.607972104009972,0.020244264653772,0.7853981633974483
2.0,1.0,0.4875549393649387,0.0184013507258303,0.9817477042468103
2.0,1.0,0.3880943050249625,0.0156408873267671,1.1780972450961724
2.0,1.0,0.3764513203568005,0.0159512290875024,1.3744467859455345
2.0,1.0,0.3094746984655906,0.0159430314809171,1.5707963267948966
2.0,1.0,0.2654316711766981,0.0156855263361115,1.7671458676442586
2.0,1.0,0.2487187148145012,0.0130562684615553,1.9634954084936207
2.0,1.0,0.2503485743048665,0.0117246726104364,2.1598449493429825
2.0,1.0,0.2213654365590515,0.0142166573034593,2.356194490192345
2.0,1.0,0.1928335426893678,0.0124656085944232,2.552544031041707
2.0,1.0,0.2277206544795494,0.0140325666881631,2.748893571891069
2.0,1.0,0.1973033748140783,0.01058142316772,2.945243112740431
2.0,1.0,0.2034485468748138,0.0156029170680321,3.141592653589793
2.0,1.0,0.2002226015567426,0.0122763379328713,3.3379421944391554
2.0,1.0,0.2077073223744832,0.0113304464084355,3.5342917352885173
2.0,1.0,0.2033688749253022,0.0143380812754396,3.730641276137879
2.0,1.0,0.2185426522280534,0.0123112443691957,3.9269908169872414
2.0,1.0,0.2334669098220688,0.0141173028895261,4.123340357836604
2.0,1.0,0.2642484286678227,0.0141206398327133,4.319689898685965
2.0,1.0,0.2796595846054212,0.015122678850717,4.516039439535327
2.0,1.0,0.3042986936056684,0.0159904723071118,4.71238898038469
2.0,1.0,0.3471788268622912,0.0176898151734588,4.908738521234052
2.0,1.0,0.4164918446013284,0.016158420970557,5.105088062083414
2.0,1.0,0.5451048507586791,0.0182287728155962,5.301437602932776
2.0,1.0,0.5958994970084899,0.0192874969257119,5.497787143782138
2.0,1.0,0.6377969209710268,0.0225286889571514,5.6941366846315
2.0,1.0,0.7186069511442345,0.0240834216202282,5.890486225480862
2.0,1.0,0.8629861280250226,0.024222097572643,6.086835766330224
2.0,1.0,0.7649783202739538,0.0337894827780086,0.0
2.0,1.0,0.8888335444109287,0.0229701682894163,0.196349540849362
2.0,1.0,0.7919002764050833,0.0239794363854115,0.3926990816987241
2.0,1.0,0.6596623300264125,0.0203491174430935,0.5890486225480862
2.0,1.0,0.5690783925213401,0.0219685077481495,0.7853981633974483
2.0,1.0,0.514323043631912,0.0178142124953578,0.9817477042468103
2.0,1.0,0.4049248162320532,0.0185094136814181,1.1780972450961724
2.0,1.0,0.332190007002805,0.0155865467990286,1.3744467859455345
2.0,1.0,0.3276887059795866,0.0148502603409396,1.5707963267948966
2.0,1.0,0.2668227518648677,0.0140853419615642,1.7671458676442586
2.0,1.0,0.2415188950070969,0.013806827815633,1.9634954084936207
2.0,1.0,0.2281189131336645,0.0136267575133953,2.1598449493429825
2.0,1.0,0.2408997601972786,0.0120281164518556,2.356194490192345
2.0,1.0,0.1928755207600707,0.0127812526432278,2.552544031041707
2.0,1.0,0.2040204710619289,0.0104712326082285,2.748893571891069
2.0,1.0,0.1937921483517422,0.0119813567593389,2.945243112740431
2.0,1.0,0.1703237744885181,0.0165757663425793,3.141592653589793
2.0,1.0,0.1943601181773046,0.0120525854276065,3.3379421944391554
2.0,1.0,0.193437440478447,0.011634853579703,3.5342917352885173
2.0,1.0,0.2064178803900223,0.0123007708850352,3.730641276137879
2.0,1.0,0.2245009847933453,0.0122303544542955,3.9269908169872414
2.0,1.0,0.264481081320186,0.0134208958152264,4.123340357836604
2.0,1.0,0.2346683364063108,0.014026402424511,4.319689898685965
2.0,1.0,0.2702632088281038,0.0116457647702814,4.516039439535327
2.0,1.0,0.3230377980136406,0.0152881901075308,4.71238898038469
2.0,1.0,0.3610274559227565,0.0165116648410471,4.908738521234052
2.0,1.0,0.4171280926587938,0.0171207487400309,5.105088062083414
2.0,1.0,0.5100899853559911,0.0170116986493623,5.301437602932776
2.0,1.0,0.538637122550831,0.0194397102429219,5.497787143782138
2.0,1.0,0.6526227865069485,0.021861466723725,5.6941366846315
2.0,1.0,0.8287371634102689,0.0207826568912255,5.890486225480862
2.0,1.0,0.8056366470817354,0.0249805477040736,6.086835766330224
0.5,1.0,0.8893971238204922,0.0361894006103847,0.0
0.5,1.0,0.8831768639629849,0.0241729400241165,0.196349540849362
0.5,1.0,0.8044560669778754,0.0214790787685908,0.3926990816987241
0.5,1.0,0.7334952912602627,0.0222101571446148,0.5890486225480862
0.5,1.0,0.6213946363085389,0.0213993606399341,0.7853981633974483
0.5,1.0,0.5324356480741739,0.0207185743659475,0.9817477042468103
0.5,1.0,0.469612136917858,0.0175552951198808,1.1780972450961724
0.5,1.0,0.3682809178301671,0.0165992640663181,1.3744467859455345
0.5,1.0,0.3438600179175598,0.0167621575776317,1.5707963267948966
0.5,1.0,0.296061042701544,0.0159927354046174,1.7671458676442586
0.5,1.0,0.2677196990516576,0.0142033736089893,1.9634954084936207
0.5,1.0,0.2496282396688313,0.0139501161121435,2.1598449493429825
0.5,1.0,0.225736977468435,0.0131508862945314,2.356194490192345
0.5,1.0,0.2291925144339318,0.0110870400606941,2.552544031041707
0.5,1.0,0.2235860980572435,0.0132404817255406,2.748893571891069
0.5,1.0,0.2098095258953547,0.0119058770593843,2.945243112740431
0.5,1.0,0.1982150244280398,0.0164094769574073,3.141592653589793
0.5,1.0,0.2027354485960449,0.0115846265426268,3.3379421944391554
0.5,1.0,0.1955174125194047,0.0123205397962946,3.5342917352885173
0.5,1.0,0.2143079790152995,0.0112363144527603,3.730641276137879
0.5,1.0,0.2510844459919607,0.0131061229567207,3.9269908169872414
0.5,1.0,0.2184767913806772,0.0123378686241923,4.123340357836604
0.5,1.0,0.2479264782102645,0.0142376199251907,4.319689898685965
0.5,1.0,0.3062228422407639,0.0154996514562865,4.516039439535327
0.5,1.0,0.3300228362448568,0.0162253496706164,4.71238898038469
0.5,1.0,0.3651033189878803,0.0163312895136933,4.908738521234052
0.5,1.0,0.4271387787599136,0.0237507256278153,5.105088062083414
0.5,1.0,0.502515928639047,0.0183258079664922,5.301437602932776
0.5,1.0,0.6122709554085444,0.0210385117547365,5.497787143782138
0.5,1.0,0.7473568730974308,0.0237116095893477,5.6941366846315
0.5,1.0,0.7474325440209326,0.0241678776847216,5.890486225480862
0.5,1.0,0.9492427246054556,0.024810754527381,6.086835766330224
0.5,1.0,1.029034523886092,0.0398199448341718,0.0
0.5,1.0,0.8989236706134299,0.0249654783307428,0.196349540849362
0.5,1.0,0.8488150772951168,0.023498515398143,0.3926990816987241
0.5,1.0,0.7633217360579826,0.0240633089843768,0.5890486225480862
0.5,1.0,0.6209570315959357,0.021861211832322,0.7853981633974483
0.5,1.0,0.5207701008448935,0.0189226622392404,0.9817477042468103
0.5,1.0,0.4233727492869851,0.0187142185219499,1.1780972450961724
0.5,1.0,0.3660060508299252,0.0168547392756973,1.3744467859455345
0.5,1.0,0.3272338483968001,0.0162303643166386,1.5707963267948966
0.5,1.0,0.2923594363484086,0.0155117128495887,1.7671458676442586
0.5,1.0,0.2661765805582216,0.0141379224753796,1.9634954084936207
0.5,1.0,0.2490190641093385,0.0140715216172218,2.1598449493429825
0.5,1.0,0.2359355432786456,0.0133937193399939,2.356194490192345
0.5,1.0,0.2362796681420749,0.0110056433303458,2.552544031041707
0.5,1.0,0.198358877490614,0.0121583835214499,2.748893571891069
0.5,1.0,0.2093404301315748,0.0128644533510187,2.945243112740431
0.5,1.0,0.1928002905768906,0.0165397651007721,3.141592653589793
0.5,1.0,0.2128279877956094,0.01357281783292,3.3379421944391554
0.5,1.0,0.200259823204758,0.0112288633667097,3.5342917352885173
0.5,1.0,0.2195515465234389,0.0123229550012416,3.730641276137879
0.5,1.0,0.2111729504035164,0.0140545341202602,3.9269908169872414
0.5,1.0,0.2559635271418422,0.0147417537829509,4.123340357836604
0.5,1.0,0.2771227355135308,0.0132310962783037,4.319689898685965
0.5,1.0,0.2921402788454148,0.014278956392703,4.516039439535327
0.5,1.0,0.3270554608229374,0.0128996234428943,4.71238898038469
0.5,1.0,0.3875498609139046,0.0171108789042225,4.908738521234052
0.5,1.0,0.4543427525637827,0.0179753010276386,5.105088062083414
0.5,1.0,0.5995971592475552,0.0223247851339348,5.301437602932776
0.5,1.0,0.6444596216849837,0.0209635285490865,5.497787143782138
0.5,1.0,0.742091449286854,0.0215905323205764,5.6941366846315
0.5,1.0,0.8228259182212113,0.0231062837375613,5.890486225480862
0.5,1.0,0.8918672142870534,0.0252680779622241,6.086835766330224
2.0,1.0,1.0192150193437073,0.0310536942530622,0.0
2.0,1.0,0.8162530655818598,0.0233943540219686,0.196349540849362
2.0,1.0,0.7965127022788322,0.0216954984929728,0.3926990816987241
2.0,1.0,0.6533386778196899,0.0196279120080356,0.5890486225480862
2.0,1.0,0.5853648493547899,0.0202146566913916,0.7853981633974483
2.0,1.0,0.4700927554812241,0.0171856293371154,0.9817477042468103
2.0,1.0,0.4009872663625911,0.0171573568843446,1.1780972450961724
2.0,1.0,0.3700929850758187,0.0147245644160105,1.3744467859455345
2.0,1.0,0.325970449848493,0.0140105521473539,1.5707963267948966
2.0,1.0,0.2932583943506954,0.013195900633893,1.7671458676442586
2.0,1.0,0.2422859257513644,0.0135681758160818,1.9634954084936207
2.0,1.0,0.2461686256745847,0.0121521024642637,2.1598449493429825
2.0,1.0,0.2061253073829716,0.0128889532603983,2.356194490192345
2.0,1.0,0.1755850759438026,0.0124198256566997,2.552544031041707
2.0,1.0,0.1944132474398544,0.0126231642307702,2.748893571891069
2.0,1.0,0.2017059575152816,0.0112604305797519,2.945243112740431
2.0,1.0,0.2262134740331733,0.0170671395725203,3.141592653589793
2.0,1.0,0.1823288371768698,0.0116479556962794,3.3379421944391554
2.0,1.0,0.1895037215192011,0.0117922393284573,3.5342917352885173
2.0,1.0,0.1958011140528543,0.0117192891645998,3.730641276137879
2.0,1.0,0.2216056726195755,0.0125373789146144,3.9269908169872414
2.0,1.0,0.2106534469563531,0.0145898912346495,4.123340357836604
2.0,1.0,0.2644477003086968,0.0144787774599037,4.319689898685965
2.0,1.0,0.2619912026605061,0.0123361540085225,4.516039439535327
2.0,1.0,0.3183639199825976,0.0155569224554143,4.71238898038469
2.0,1.0,0.3875590778060527,0.016416382999686,4.908738521234052
2.0,1.0,0.4299990009399648,0.018294836830509,5.105088062083414
2.0,1.0,0.5444512198473166,0.0202321368370734,5.301437602932776
2.0,1.0,0.5514638271640943,0.0192931082554461,5.497787143782138
2.0,1.0,0.6558657157767058,0.0211185209083183,5.6941366846315
2.0,1.0,0.7375451993823096,0.0229181498039226,5.890486225480862
2.0,1.0,0.7498596590520432,0.0249384215311269,6.086835766330224
5.0,1.0,0.7483973448352679,0.029264207924049,0.0
5.0,1.0,0.6978276836786279,0.0211208174127574,0.196349540849362
5.0,1.0,0.6460500180622216,0.0215633328143053,0.3926990816987241
5.0,1.0,0.5883812153490693,0.0230242906698107,0.5890486225480862
5.0,1.0,0.4883753623966747,0.017406610485387,0.7853981633974483
5.0,1.0,0.4485412604793279,0.0156391775928671,0.9817477042468103
5.0,1.0,0.369811373929492,0.0163643772531532,1.1780972450961724
5.0,1.0,0.3524592838049234,0.014099239121845,1.3744467859455345
5.0,1.0,0.3115222086825605,0.0141255478556887,1.5707963267948966
5.0,1.0,0.247663866374609,0.0131595283195018,1.7671458676442586
5.0,1.0,0.2374237904711909,0.0132749317485781,1.9634954084936207
5.0,1.0,0.2170267429044788,0.0124131866633,2.1598449493429825
5.0,1.0,0.2088069894834528,0.0122529664838282,2.356194490192345
5.0,1.0,0.2076354880961552,0.0130531182322498,2.552544031041707
5.0,1.0,0.2092303931993589,0.0112627049483036,2.748893571891069
5.0,1.0,0.1769580015431735,0.0106391799479139,2.945243112740431
5.0,1.0,0.1981842345641331,0.0157367855452944,3.141592653589793
5.0,1.0,0.1922060666746144,0.010631651842757,3.3379421944391554
5.0,1.0,0.1902275585925385,0.0126310623412328,3.5342917352885173
5.0,1.0,0.1956944544693218,0.0116346735835501,3.730641276137879
5.0,1.0,0.1980807678663756,0.012727439601543,3.9269908169872414
5.0,1.0,0.2357654945309958,0.0123318126036406,4.123340357836604
5.0,1.0,0.253185695126913,0.0135926202669909,4.319689898685965
5.0,1.0,0.2694690224675894,0.013760711539216,4.516039439535327
5.0,1.0,0.3028167562456539,0.0135727359273819,4.71238898038469
5.0,1.0,0.3259616770242927,0.0143251145087596,4.908738521234052
5.0,1.0,0.3879460065644478,0.0159498712982875,5.105088062083414
5.0,1.0,0.4311146235315521,0.0163668486078005,5.301437602932776
5.0,1.0,0.5296713746869626,0.0172034722829485,5.497787143782138
5.0,1.0,0.5824072635332628,0.0181081388983946,5.6941366846315
5.0,1.0,0.6628080910230156,0.0216238185176052,5.890486225480862
5.0,1.0,0.6732365082192432,0.0229889833259917,6.086835766330224
10.0,1.0,0.6119255415721611,0.0273774406916238,0.0
10.0,1.0,0.6035790490332121,0.0204305875108766,0.196349540849362
10.0,1.0,0.5342178901607983,0.0189019024444154,0.3926990816987241
10.0,1.0,0.510440215442896,0.0149030160375589,0.5890486225480862
10.0,1.0,0.4299289785454805,0.0191742612221256,0.7853981633974483
10.0,1.0,0.3786055417610035,0.0146545819010864,0.9817477042468103
10.0,1.0,0.3481318219110133,0.0135077467377369,1.1780972450961724
10.0,1.0,0.2748818959640718,0.0131415940786714,1.3744467859455345
10.0,1.0,0.2650513236046012,0.0139854618734172,1.5707963267948966
10.0,1.0,0.2728896988235094,0.0123709313307205,1.7671458676442586
10.0,1.0,0.22139197034254,0.0120539233081515,1.9634954084936207
10.0,1.0,0.1968738763064144,0.0116842818724976,2.1598449493429825
10.0,1.0,0.1974596024090649,0.0108819350184936,2.356194490192345
10.0,1.0,0.1911445832344993,0.0106669997160694,2.552544031041707
10.0,1.0,0.1752954513830512,0.0100616195304993,2.748893571891069
10.0,1.0,0.1920115574440511,0.0091764255284427,2.945243112740431
10.0,1.0,0.1802419773743529,0.0165822423431038,3.141592653589793
10.0,1.0,0.1872031776552086,0.0098398606775721,3.3379421944391554
10.0,1.0,0.1759680936994322,0.009460222491908,3.5342917352885173
10.0,1.0,0.1868560017779286,0.0116444092246365,3.730641276137879
10.0,1.0,0.188837572942133,0.0116381065480387,3.9269908169872414
10.0,1.0,0.208349164958105,0.010775025386669,4.123340357836604
10.0,1.0,0.2111578117765067,0.0106303881147333,4.319689898685965
10.0,1.0,0.2560997752802355,0.0126550677931545,4.516039439535327
10.0,1.0,0.2619391823217513,0.0119676993255692,4.71238898038469
10.0,1.0,0.2968378569102524,0.0145663443205408,4.908738521234052
10.0,1.0,0.3311813112163094,0.0153095301151371,5.105088062083414
10.0,1.0,0.3759376121042153,0.0156600814512474,5.301437602932776
10.0,1.0,0.4171664114377003,0.0161771933318656,5.497787143782138
10.0,1.0,0.4614566758814459,0.0167592917846273,5.6941366846315
10.0,1.0,0.5415433969419565,0.0206296521215988,5.890486225480862
10.0,1.0,0.5574179251030688,0.0183254012087436,6.086835766330224
40.0,1.0,0.3267844472201232,0.0187383293019464,0.0
40.0,1.0,0.3200646729176087,0.0140661115895037,0.196349540849362
40.0,1.0,0.31707992257284,0.0130973205504232,0.3926990816987241
40.0,1.0,0.3151902563558502,0.0116039197649378,0.5890486225480862
40.0,1.0,0.2765493888595713,0.0120924078928523,0.7853981633974483
40.0,1.0,0.2379506096513227,0.0123441266017206,0.9817477042468103
40.0,1.0,0.2263937785030867,0.0115575294210292,1.1780972450961724
40.0,1.0,0.2018335939590185,0.0111167794863128,1.3744467859455345
40.0,1.0,0.2156866389300392,0.0097089159103339,1.5707963267948966
40.0,1.0,0.1806911142799584,0.0095023264228009,1.7671458676442586
40.0,1.0,0.179217809759865,0.0088610893131357,1.9634954084936207
40.0,1.0,0.1650459009307493,0.0101186802910748,2.1598449493429825
40.0,1.0,0.1490263458639459,0.0089698339962274,2.356194490192345
40.0,1.0,0.1610987012569747,0.0086536551292522,2.552544031041707
40.0,1.0,0.1229941266415454,0.0091501574407062,2.748893571891069
40.0,1.0,0.1492674289573425,0.0080684226802023,2.945243112740431
40.0,1.0,0.1250095801678508,0.0112040451277731,3.141592653589793
40.0,1.0,0.1394901146279252,0.0087630612651142,3.3379421944391554
40.0,1.0,0.1466190350762917,0.0082772685435188,3.5342917352885173
40.0,1.0,0.1577996569911554,0.0092450732665536,3.730641276137879
40.0,1.0,0.1680251221486298,0.0091250248358489,3.9269908169872414
40.0,1.0,0.156083364685608,0.0087519687114419,4.123340357836604
40.0,1.0,0.1687106047020415,0.0085961121444061,4.319689898685965
40.0,1.0,0.1857111790078441,0.0088099983383394,4.516039439535327
40.0,1.0,0.174787200661471,0.0107725291798502,4.71238898038469
40.0,1.0,0.1963631493834306,0.0104153890639326,4.908738521234052
40.0,1.0,0.2385993071757595,0.0104615120653299,5.105088062083414
40.0,1.0,0.2527214245159509,0.0119450989071568,5.301437602932776
40.0,1.0,0.2809537487479676,0.0117595753616162,5.497787143782138
40.0,1.0,0.2626947631974898,0.0112168219097235,5.6941366846315
40.0,1.0,0.3159282870109864,0.0136811205408192,5.890486225480862
40.0,1.0,0.3146398405718569,0.0125698894628513,6.086835766330224
0.0,1.0,0.9306859817728288,0.040157690625525,0.0
0.0,1.0,0.883410664781155,0.026866273437467,0.196349540849362
0.0,1.0,0.8077892369286046,0.0266169501133069,0.3926990816987241
0.0,1.0,0.7235663718580696,0.0234136704545816,0.5890486225480862
0.0,1.0,0.6022826909302287,0.0245886513532104,0.7853981633974483
0.0,1.0,0.5504394106087909,0.0199217377089537,0.9817477042468103
0.0,1.0,0.4367016634088265,0.0214254513477308,1.1780972450961724
0.0,1.0,0.3484972543164432,0.015548086366509,1.3744467859455345
0.0,1.0,0.2986802077161444,0.0150646650956391,1.5707963267948966
0.0,1.0,0.2920243730148649,0.0140776491543112,1.7671458676442586
0.0,1.0,0.2625305041785918,0.014127845844644,1.9634954084936207
0.0,1.0,0.249429840518943,0.013577033211894,2.1598449493429825
0.0,1.0,0.2146206665442156,0.0143240904795092,2.356194490192345
0.0,1.0,0.2323769338077438,0.0141314792622329,2.552544031041707
0.0,1.0,0.2163280450268968,0.0124370873276462,2.748893571891069
0.0,1.0,0.2183265826389435,0.0129531928447675,2.945243112740431
0.0,1.0,0.1953377483561199,0.0182167121351754,3.141592653589793
0.0,1.0,0.2253832928880965,0.0132959714992645,3.3379421944391554
0.0,1.0,0.210098964852423,0.0139623748185186,3.5342917352885173
0.0,1.0,0.2259289529289611,0.0133843641267481,3.730641276137879
0.0,1.0,0.2117200517376103,0.0139727925161332,3.9269908169872414
0.0,1.0,0.2441340162709622,0.0137099049434738,4.123340357836604
0.0,1.0,0.2684733716597827,0.0131461909707423,4.319689898685965
0.0,1.0,0.2931455431663031,0.0140507850519287,4.516039439535327
0.0,1.0,0.3201732664826043,0.0148363502319681,4.71238898038469
0.0,1.0,0.3715955628570224,0.0173498779139628,4.908738521234052
0.0,1.0,0.4286465899607223,0.0189115924967069,5.105088062083414
0.0,1.0,0.5290337976917501,0.0200953994194265,5.301437602932776
0.0,1.0,0.6371384387436457,0.0217816644988812,5.497787143782138
0.0,1.0,0.7530761812860162,0.0245718749977783,5.6941366846315
0.0,1.0,0.8527927815869005,0.0275275574647651,5.890486225480862
0.0,1.0,0.9090819907126878,0.0238831458683852,6.086835766330224
0.5,1.0,0.9252204859397537,0.038057607506876104,0.0
0.5,1.0,0.9715420983544979,0.02867786295591921,0.19634954084936207
0.5,1.0,0.8179836179682666,0.026336502118685344,0.39269908169872414
0.5,1.0,0.7468494127521315,0.019588631816140418,0.5890486225480862
0.5,1.0,0.6157465266370064,0.019324464911784776,0.7853981633974483
0.5,1.0,0.5460486286990414,0.019265597467023853,0.9817477042468103
0.5,1.0,0.39800836054168465,0.017285581572966214,1.1780972450961724
0.5,1.0,0.3423785429230285,0.01752482934348876,1.3744467859455345
0.5,1.0,0.34042564630053024,0.015956102368886504,1.5707963267948966
0.5,1.0,0.2802037696303128,0.01352396455566162,1.7671458676442586
0.5,1.0,0.26781528371278607,0.012175014155372917,1.9634954084936207
0.5,1.0,0.23762779784735003,0.011718730973349443,2.1598449493429825
0.5,1.0,0.21514430057493436,0.012522384096281668,2.356194490192345
0.5,1.0,0.22542258198014056,0.011792241594431251,2.552544031041707
0.5,1.0,0.2038490246572688,0.011288983512901382,2.748893571891069
0.5,1.0,0.20153570977012594,0.01155867826684943,2.945243112740431
0.5,1.0,0.18264942323951183,0.019225177863630816,3.141592653589793
0.5,1.0,0.20034225238619005,0.011560668007732712,3.3379421944391554
0.5,1.0,0.2016718376735297,0.012289342411275321,3.5342917352885173
0.5,1.0,0.20067387196557157,0.013423121276930912,3.730641276137879
0.5,1.0,0.19784622321576958,0.013223235583639567,3.9269908169872414
0.5,1.0,0.2379882376803615,0.013110977454765856,4.123340357836604
0.5,1.0,0.25194353889154386,0.014486638833554636,4.319689898685965
0.5,1.0,0.2743279131731578,0.01585701697875635,4.516039439535327
0.5,1.0,0.32923863904736067,0.015326018655612629,4.71238898038469
0.5,1.0,0.4183570743045824,0.014631715365305976,4.908738521234052
0.5,1.0,0.42327770065933784,0.01837556807990411,5.105088062083414
0.5,1.0,0.5245435400262205,0.020656572756066683,5.301437602932776
0.5,1.0,0.6376256648916803,0.020980797405554294,5.497787143782138
0.5,1.0,0.7573527908275602,0.021343645209721686,5.6941366846315
0.5,1.0,0.8270335765671901,0.02494383427085811,5.890486225480862
0.5,1.0,0.9058547907507787,0.025957973400149013,6.086835766330224
